-0.083909,-0.033957,0.005217
-0.266906,-0.017364,0.003904
-0.2702,-0.007261,0.005567
-0.311162,-0.004018,0.004986
-0.345465,0.002986,0.004603
-0.35023,0.011661,0.003312
-0.370894,0.019711,0.001536
-0.364818,0.017494,0.001669
-0.33095,0.014189,0.002637
-0.391056,0.009297,0.002871
-0.393543,0.014498,0.002876
-0.463894,0.01124,0.002323
-0.41999,0.010524,0.002341
-0.441013,0.008814,0.003142
-0.445426,0.00104,0.005292
-0.439881,0.001345,0.005368
-0.445407,0.010316,0.003043
-0.423581,0.004634,0.003182
-0.421885,0.006836,0.003533
-0.420211,0.010631,0.00304
-0.446721,0.012071,0.001944
-0.424961,0.00899,0.002687
-0.469383,0.009167,0.002465
-0.463333,0.002277,0.003729
-0.471595,0.006422,0.003417
-0.539642,0.00571,0.003083
-0.487701,0.003648,0.002904
-0.480129,0.004182,0.003561
-0.434108,0.005346,0.003473
-0.419815,0.003817,0.003991
-0.429673,0.00608,0.004144
-0.434666,0.008264,0.00264
-0.413782,0.01198,0.002321
-0.3588,0.013561,0.003067
-0.277517,0.015769,0.000814
-0.271717,0.016994,0.001126
-0.306412,0.01821,0.002203
-0.28129,0.016078,0.001546
-0.215813,0.017335,0.001599
-0.217141,0.011245,0.002381
-0.234257,0.009451,0.002719
-0.192305,0.006198,0.003112
-0.164336,0.001681,0.003757
-0.169936,0.002806,0.00324
-0.178198,0.005013,0.004291
-0.18196,0.005641,0.003767
-0.170628,0.006805,0.003219
-0.18171,0.009075,0.002738
-0.156617,0.012288,0.003353
-0.11942,0.010994,0.002808
-0.06467,0.015535,0.002203
-0.07791,0.016196,0.00176
-0.079132,0.01793,0.000219
-0.059824,0.018495,0.002077
-0.029268,0.017148,0.002156
-0.054451,0.013533,0.002619
-0.054336,0.014391,0.002482
-0.022873,0.018705,0.002036
-0.072456,0.007622,0.002968
-0.054417,0.004518,0.003435
-0.042447,-0.000561,0.004136
-0.049514,0.005416,0.003073
-0.051355,0.012644,0.002421
-0.057646,0.007866,0.003079
-0.05575,0.01165,0.002603
-0.055611,0.010544,0.002638
-0.059972,0.009149,0.00305
-0.037567,0.007882,0.003081
-0.055836,0.001038,0.003925
-0.040444,0.008531,0.002948
-0.054131,0.006279,0.002622
-0.051468,0.011677,0.003221
-0.053011,0.010978,0.002158
-0.039534,0.015861,0.001992
-0.002805,0.009696,0.001862
0.004467,0.016057,0.001534
0.008426,0.008041,0.00239
-0.012153,0.004768,0.003625
-0.006462,0.001016,0.003328
-0.012907,0.001225,0.004367
-0.000865,0.003209,0.003309
-0.01423,-0.003477,0.005137
0.004372,-0.001763,0.003896
-0.00289,0.004323,0.003044
-0.023227,0.004211,0.003785
-0.029808,0.004685,0.00422
-0.050583,0.008419,0.003628
-0.079421,0.010973,0.002805
-0.127393,0.010201,0.002374
-0.135575,0.014069,0.002505
-0.130282,0.011845,0.002636
-0.104136,0.011442,0.002568
-0.071432,0.014569,0.002279
-0.074771,0.011059,0.003124
-0.084724,0.010871,0.002664
-0.094133,0.009414,0.002818
-0.088397,0.005018,0.003081
-0.065268,0.006695,0.002805
-0.082124,0.010191,0.003178
-0.095318,0.014302,0.002709
-0.133414,0.012611,0.002468
-0.13872,0.011678,0.003884
-0.112887,0.007382,0.003439
-0.103575,0.00285,0.00302
-0.113371,0.004514,0.003861
-0.139503,0.007056,0.00252
-0.142114,0.007448,0.003516
-0.160158,0.010898,0.002386
-0.145678,0.012637,0.002061
-0.150601,0.015719,0.002772
-0.138354,0.018618,0.000828
-0.149771,0.013286,0.002514
-0.13335,0.01527,0.001918
-0.124887,0.009328,0.003888
-0.187807,0.00504,0.003573
-0.202404,0.005534,0.003202
-0.187447,0.003182,0.004339
-0.167014,0.002927,0.004355
-0.14992,0.001021,0.005509
-0.143807,0.003522,0.004257
-0.102108,0.005883,0.003581
-0.064122,0.002218,0.002906
-0.084458,0.005773,0.003673
-0.080091,0.00789,0.002474
-0.085231,0.011221,0.001638
-0.062619,0.010667,0.002884
-0.056618,0.016208,0.002148
-0.06395,0.013738,0.002628
-0.077403,0.013213,0.002631
-0.079824,0.015822,0.001426
-0.05276,0.016627,0.001909
-0.049026,0.013031,0.002535
-0.05749,0.010935,0.002744
-0.074155,0.012368,0.001646
-0.080338,0.01973,0.00141
-0.085522,0.02432,0.001047
-0.079501,0.018757,0.002254
-0.071675,0.015646,0.00188
-0.063446,0.013077,0.002578
-0.039402,0.016422,0.002576
-0.017653,0.013668,0.00247
0.000861,0.007258,0.003117
0.014808,0.006436,0.003214
0.038303,0.011281,0.002745
0.034364,0.009725,0.002508
0.044538,0.013661,0.001783
0.046101,0.010229,0.002537
0.006854,0.010165,0.002827
0.014088,0.009729,0.002869
-0.012207,0.011999,0.002218
-0.014842,0.010123,0.002103
-0.033316,0.010389,0.002564
-0.014509,0.012647,0.00227
-0.005343,0.008742,0.002795
0.019462,0.011762,0.001174
0.008176,0.018803,0.001327
0.012139,0.014659,0.001938
-0.01359,0.013532,0.002093
-0.03691,0.005385,0.002465
-0.020362,0.009666,0.002084
-0.027323,0.01351,0.002052
-0.032764,0.01947,0.001292
-0.056303,0.021597,0.000854
-0.064645,0.017839,0.001514
-0.034208,0.019263,0.001379
-0.045092,0.019681,0.001147
-0.010842,0.016185,0.002168
0.003912,0.02149,0.001295
0.030041,0.023657,5.5E-05
0.029912,0.023991,0.000506
0.036195,0.021256,0.001361
0.039221,0.018873,0.001727
0.065034,0.017325,0.001316
0.058879,0.014612,0.00223
0.057903,0.016269,0.002295
0.060411,0.011324,0.002832
0.02401,0.008565,0.003853
-0.006007,0.009911,0.00283
0.001794,0.010208,0.00266
-0.001961,0.013807,0.001913
-0.023728,0.016835,0.000878
-0.028847,0.014714,0.001306
-0.011193,0.013783,0.002402
-0.056045,0.008149,0.004073
-0.054217,0.0078,0.002868
-0.045356,0.00889,0.002319
-0.055142,0.014446,0.001327
-0.077159,0.012904,0.002349
-0.032562,0.016925,0.001651
-0.023296,0.016398,0.001636
-0.025234,0.016378,0.00153
-0.046947,0.020191,0.001387
-0.080883,0.018044,0.001956
-0.086359,0.014744,0.002215
-0.05128,0.007708,0.002753
-0.037922,0.010765,0.003387
-0.037223,0.013336,0.003395
-0.010657,0.010911,0.00312
-0.018534,0.011485,0.002176
0.014576,0.010422,0.002011
0.008165,0.007662,0.00276
0.031997,0.007443,0.00318
0.035273,0.012208,0.00217
0.015861,0.012873,0.002825
-0.009825,0.016098,0.001933
-0.04464,0.015962,0.001121
-0.037791,0.015845,0.001467
-0.042498,0.016652,0.001463
-0.001731,0.016479,0.001761
-0.005539,0.018547,0.0006
0.012969,0.026989,3.5E-05
-0.010588,0.023006,0.000987
-0.007213,0.018327,0.001826
0.011729,0.012709,0.002541
0.015525,0.013355,0.001439
0.023741,0.015085,0.001759
0.042294,0.016254,0.001691
0.043055,0.0174,0.001422
0.047702,0.020578,0.00078
0.030738,0.018078,0.001323
0.037882,0.016436,0.002585
0.031923,0.013693,0.002535
0.016028,0.012827,0.002753
0.030291,0.014545,0.00181
0.013425,0.021395,0.001089
0.023374,0.018691,0.001838
0.012717,0.013255,0.002511
0.081496,0.018573,0.000289
0.111088,0.020555,-0.000247
0.12043,0.022223,0.000478
0.164299,0.02179,0.000323
0.16504,0.016241,0.000502
0.218075,0.012944,0.001436
0.254355,0.01247,0.000509
0.247875,0.010457,0.002329
0.26575,0.008307,0.005063
0.254112,0.002444,0.00472
0.298481,-0.001281,0.006988
0.312486,0.001141,0.005702
0.368502,-0.000619,0.010317
0.452573,-0.007306,0.011612
0.498911,-0.004519,0.005947
0.555246,-0.00434,0.006517
0.634131,-0.000173,0.006665
0.723458,-0.002241,0.006773
0.797061,-0.002102,0.006135
0.850313,0.001788,0.006725
0.897815,0.00276,0.004268
0.943663,0.003444,0.004435
1.000581,0.005291,0.004815
1.05732,0.00064,0.005884
1.10813,-0.002125,0.00558
1.136151,-0.00186,0.006332
1.160368,0.001613,0.004421
1.199837,0.007573,0.003459
1.22295,0.010949,0.002125
1.259865,0.010015,0.002468
1.351898,0.009788,0.002526
1.414185,0.009545,0.002634
1.464044,0.014443,0.001387
1.484009,0.018572,0.000668
1.519653,0.017548,0.001083
1.568983,0.016569,0.000692
1.607301,0.01503,-0.000502
1.65125,0.016992,-3.2E-05
1.680494,0.01284,0.002986
1.690518,0.015505,0.001185
1.752862,0.015192,0.002761
1.827968,0.015107,0.000555
1.915261,0.015564,0.001605
1.964029,0.014374,0.000558
2.021454,0.017645,0.000496
2.031498,0.015247,-0.000814
2.069255,0.015462,0.000655
2.16749,0.012836,0.001562
2.216948,0.012607,0.001392
2.293203,0.016454,0.000738
2.329175,0.018144,-0.000664
2.35949,0.021735,-0.001065
2.405582,0.024431,-0.000782
2.464212,0.022668,-0.002645
2.515676,0.021552,4.1E-05
2.551321,0.02403,-0.000127
2.573818,0.023068,0.000249
2.596937,0.019234,0.002601
2.656798,0.012888,0.003537
2.707678,0.016782,0.002096
2.787783,0.013302,0.003858
2.860652,0.013787,0.002047
2.89866,0.011574,0.003754
2.931444,0.011591,0.002448
2.991342,0.012754,0.002295
3.046162,0.012498,0.001091
3.142457,0.015106,-0.000163
3.216119,0.01586,-0.000944
3.249882,0.017049,-0.000569
3.273894,0.016499,-0.000436
3.296114,0.012527,0.004332
3.38276,0.010347,0.001538
3.463297,0.01091,0.005873
3.538284,0.005293,0.006559
3.574514,9.3E-05,0.006533
3.616366,-0.000217,0.006137
3.651559,0.000116,0.007934
3.726901,-0.002093,0.007935
3.80141,-0.001225,0.007743
3.867301,-0.001641,0.011298
3.916591,-0.002275,0.007844
3.964115,0.00238,0.004951
4.004643,0.003685,0.006752
4.088625,0.001576,0.005775
4.17656,0.00498,0.005794
4.208341,0.001104,0.006552
4.246824,0.001223,0.00546
4.284151,0.002191,0.007017
4.377303,0.00373,0.004994
4.4682,0.007956,0.004838
4.562281,0.00994,0.003814
4.613959,0.010172,0.007765
4.662044,0.010916,0.003803
4.718998,0.010069,0.003165
4.810551,0.012761,0.003263
4.888611,0.011097,0.002042
4.975899,0.011583,0.001777
5.017575,0.012742,0.00589
5.052751,0.013329,0.004878
5.094839,0.017264,0.001902
5.18403,0.014444,0.004539
5.256146,0.015079,0.002234
5.345352,0.013308,0.00527
5.397878,0.011552,0.004856
5.440209,0.00984,0.003493
5.479678,0.008347,0.005243
5.564957,0.009602,0.00412
5.634658,0.011901,0.002188
5.680127,0.007679,0.017501
5.719383,0.008372,0.015334
5.783052,0.008366,0.014826
5.865948,0.007357,0.014276
5.950321,0.007306,0.012266
5.997118,0.009775,0.0131
6.038311,0.008848,0.011112
6.086534,0.008589,0.010474
6.174889,0.011377,0.008557
6.268804,0.007055,0.007139
6.360828,0.006684,0.007096
6.40845,0.007995,0.006842
6.435491,0.007722,0.00346
6.482373,0.007089,0.004536
6.581092,0.003066,0.002602
6.668865,-4.4E-05,0.005351
6.706603,0.000712,0.00497
6.746003,0.001821,0.005063
6.792742,0.002023,0.020628
6.859014,0.008853,0.014265
6.945964,0.0106,0.010354
7.03311,0.007072,0.011702
7.07948,0.007214,0.011186
7.138398,0.003431,0.008636
7.192736,0.00587,0.004122
7.264655,0.009197,-0.00174
7.35868,0.009534,0.005371
7.452362,0.011911,-0.0008
7.487997,0.012889,-0.005094
7.544314,0.013467,0.016469
7.592377,0.01336,0.013163
7.69553,0.01383,0.00873
7.795051,0.015131,0.004437
7.881694,0.014097,0.003228
7.966602,0.009841,0.000607
8.01193,0.007246,-0.003581
8.05191,0.0065,-0.008331
8.091025,0.00263,0.000544
8.164682,0.005877,0.019407
8.240758,0.005296,0.016625
8.334682,0.005075,0.011906
8.376903,0.005408,0.010867
8.418655,0.005504,0.003888
8.461488,0.006469,0.006675
8.549394,0.007117,0.008795
8.640265,0.011041,0.021589
8.717917,0.014241,0.010924
8.760244,0.017138,0.013406
8.803283,0.01832,0.005162
8.850913,0.016136,0.011411
8.930864,0.015091,0.010878
9.031538,0.014302,0.006654
9.106398,0.015479,0.018222
9.163422,0.013355,0.016841
9.213031,0.011959,0.007908
9.261505,0.009835,0.009811
9.344166,0.009102,0.004856
9.431735,0.009809,0.02256
9.51433,0.011864,0.01464
9.60533,0.015207,0.005316
9.648795,0.015971,0.006815
9.685972,0.015336,-0.000381
9.73324,0.016013,0.011303
9.82219,0.013856,0.017859
9.895989,0.015145,0.008232
9.940899,0.015369,0.012929
9.983657,0.013424,0.004081
10.025338,0.00994,0.013595
10.127147,0.012054,0.022548
10.220566,0.011442,0.007224
10.309713,0.008552,-0.001214
10.350576,0.005773,0.008049
10.38393,-0.000548,0.002581
10.428703,0.007108,0.024249
10.521714,0.006689,0.009622
10.639612,-0.010144,-0.036762
10.693806,-0.021564,-0.11453
10.748516,-0.037754,-0.127885
10.779794,-0.051237,-0.204342
10.855566,-0.088758,-0.290903
10.925835,-0.134551,-0.374234
11.0044,-0.189089,-0.439087
11.060981,-0.242248,-0.501458
11.083501,-0.281691,-0.57725
11.103602,-0.312107,-0.581137
11.136066,-0.353695,-0.65636
11.192142,-0.426084,-0.740742
11.252696,-0.502831,-0.776908
11.30623,-0.579414,-0.861202
11.317407,-0.623598,-0.924958
11.336568,-0.646502,-0.927971
11.378672,-0.697918,-0.957888
11.432639,-0.795141,-0.975875
11.482689,-0.88607,-0.981836
11.503272,-0.92652,-0.988254
11.531056,-0.958811,-0.994638
11.554495,-1.000123,-0.995233
11.592078,-1.078537,-0.999142
11.631211,-1.148841,-1.002113
11.648707,-1.189229,-1.002567
11.662026,-1.220577,-1.005903
11.678459,-1.253998,-1.00636
11.732451,-1.338863,-1.022962
11.776804,-1.415335,-1.033211
11.828422,-1.501955,-1.043463
11.839236,-1.543947,-1.041711
11.854272,-1.582047,-1.044688
11.864582,-1.622229,-1.042789
11.900519,-1.699178,-1.0476
11.931979,-1.77763,-1.073804
11.965846,-1.858412,-1.077384
12.006389,-1.933075,-1.080193
12.064164,-1.979598,-1.084981
12.106905,-2.0199,-1.093991
12.138365,-2.077997,-1.109695
12.172467,-2.164682,-1.120389
12.193561,-2.25074,-1.122306
12.205366,-2.289569,-1.132452
12.222579,-2.325308,-1.136613
12.232789,-2.35781,-1.13816
12.283851,-2.443906,-1.144761
12.320573,-2.521612,-1.151887
12.342894,-2.57006,-1.154436
12.35704,-2.610096,-1.159851
12.369521,-2.636283,-1.159285
12.379916,-2.698675,-1.160655
12.413463,-2.782464,-1.183217
12.433009,-2.824466,-1.203331
12.44502,-2.874473,-1.278648
12.445957,-2.934319,-1.279068
12.451601,-3.019104,-1.3557
12.446058,-3.10318,-1.431934
12.428807,-3.189527,-1.476345
12.414655,-3.24744,-1.554972
12.408858,-3.288463,-1.552828
12.37797,-3.338452,-1.607056
12.369249,-3.408829,-1.619274
12.362673,-3.493165,-1.633027
12.358196,-3.533453,-1.633476
12.351233,-3.566091,-1.630215
12.353393,-3.608587,-1.65386
12.344515,-3.709203,-1.66392
12.340815,-3.787303,-1.679489
12.320634,-3.869502,-1.688353
12.305196,-3.918175,-1.700502
12.302389,-3.95904,-1.719754
12.300621,-3.987205,-1.718975
12.279432,-4.091417,-1.715557
12.273318,-4.203146,-1.702062
12.260588,-4.274133,-1.691696
12.250939,-4.322626,-1.686703
12.270159,-4.347946,-1.651826
12.276443,-4.443503,-1.574712
12.310953,-4.553171,-1.498736
12.341054,-4.631269,-1.404614
12.377924,-4.666445,-1.314573
12.398714,-4.69527,-1.319101
12.418747,-4.730911,-1.275276
12.46449,-4.805652,-1.185011
12.506221,-4.887166,-1.096028
12.58393,-4.949896,-1.010389
12.620191,-4.985151,-0.976955
12.640693,-5.012431,-0.980939
12.685699,-5.052485,-0.889452
12.755943,-5.106026,-0.85514
12.815797,-5.178112,-0.869475
12.857518,-5.220584,-0.880454
12.882409,-5.251388,-0.884212
12.919728,-5.284241,-0.897087
12.963655,-5.363541,-0.911652
13.011553,-5.428392,-0.924464
13.051537,-5.460577,-0.931064
13.071663,-5.484843,-0.933819
13.079376,-5.543271,-0.94931
13.130686,-5.617315,-1.00913
13.153089,-5.704051,-1.043508
13.179223,-5.772952,-1.120981
13.196051,-5.820706,-1.202838
13.20238,-5.857589,-1.203468
13.186496,-5.920887,-1.282655
13.211152,-6.018608,-1.358468
13.216492,-6.098407,-1.401609
13.191864,-6.186547,-1.456794
13.190923,-6.277925,-1.468992
13.173738,-6.335647,-1.473663
13.170729,-6.373839,-1.467461
13.171973,-6.436021,-1.478164
13.202085,-6.524547,-1.473528
13.214322,-6.602992,-1.481433
13.223838,-6.675165,-1.498884
13.217727,-6.715997,-1.493414
13.224095,-6.763986,-1.503627
13.24051,-6.867528,-1.518846
13.23679,-6.969221,-1.525913
13.248401,-7.055017,-1.538991
13.246993,-7.09974,-1.543424
13.242812,-7.138209,-1.542361
13.242589,-7.180199,-1.547698
13.238958,-7.281639,-1.561591
13.21999,-7.366104,-1.556798
13.226474,-7.421388,-1.562702
13.227309,-7.465589,-1.562236
13.233517,-7.517247,-1.571293
13.224797,-7.608801,-1.574222
13.221432,-7.694867,-1.580724
13.196555,-7.770771,-1.586368
13.212493,-7.821868,-1.592583
13.210615,-7.86459,-1.591127
13.213597,-7.918749,-1.600293
13.197315,-8.001229,-1.604622
13.193529,-8.088292,-1.599877
13.181118,-8.166889,-1.607263
13.191346,-8.218678,-1.558951
13.195893,-8.264594,-1.559243
13.234754,-8.313079,-1.467701
13.286679,-8.395338,-1.373846
13.3199,-8.482534,-1.324962
13.387329,-8.539626,-1.229054
13.400645,-8.577051,-1.231254
13.424518,-8.621687,-1.15551
13.476173,-8.701118,-1.148739
13.511795,-8.775759,-1.151504
13.544855,-8.82109,-1.155364
13.555109,-8.851525,-1.164019
13.573098,-8.892646,-1.159707
13.60592,-8.969133,-1.171999
13.636569,-9.0387,-1.176433
13.645456,-9.12683,-1.179699
13.662322,-9.174889,-1.185173
13.674196,-9.234531,-1.184933
13.678973,-9.275691,-1.194713
13.690687,-9.349675,-1.197062
13.71787,-9.437755,-1.266056
13.735671,-9.520542,-1.347703
13.738622,-9.580802,-1.380333
13.732033,-9.616721,-1.422619
13.729217,-9.674022,-1.459442
13.715607,-9.768867,-1.536927
13.69777,-9.864549,-1.61465
13.669152,-9.955632,-1.690001
13.630181,-10.0402,-1.765221
13.603905,-10.086606,-1.807664
13.591959,-10.12169,-1.805606
13.552779,-10.161622,-1.87821
13.497958,-10.244285,-1.954142
13.456231,-10.321225,-2.015448
13.43189,-10.389374,-2.014061
13.406939,-10.432736,-2.02985
13.391674,-10.466283,-2.02803
13.362386,-10.509979,-2.038088
13.32657,-10.580725,-2.047343
13.285026,-10.669256,-2.054652
13.238518,-10.747572,-2.059777
13.196894,-10.780464,-2.061424
13.180871,-10.810946,-2.060124
13.162697,-10.860407,-2.078958
13.103069,-10.94503,-2.084649
13.074744,-11.023518,-2.077934
13.058994,-11.067412,-2.049128
13.037117,-11.116997,-1.995182
13.031742,-11.167404,-1.959328
13.021107,-11.256004,-1.864709
13.015521,-11.340585,-1.772601
13.02986,-11.394209,-1.727462
13.035079,-11.439364,-1.679579
13.042303,-11.475092,-1.627563
13.061441,-11.566787,-1.536818
13.087582,-11.658994,-1.441151
13.099997,-11.74895,-1.442479
13.121355,-11.804498,-1.348433
13.164297,-11.856505,-1.276691
13.186264,-11.898596,-1.280218
13.223615,-11.983782,-1.276553
13.257461,-12.073014,-1.284419
13.273185,-12.153145,-1.288818
13.294688,-12.245361,-1.296295
13.305999,-12.284892,-1.31809
13.322967,-12.315402,-1.306785
13.324098,-12.345545,-1.308054
13.35306,-12.423523,-1.330637
13.377724,-12.515193,-1.33508
13.385756,-12.607776,-1.364188
13.38123,-12.658204,-1.440238
13.37556,-12.704074,-1.438514
13.366101,-12.753619,-1.513485
13.356344,-12.841614,-1.593244
13.343056,-12.929536,-1.590136
13.323479,-12.975588,-1.665511
13.305185,-13.019276,-1.683058
13.291011,-13.057277,-1.681287
13.273471,-13.133259,-1.697264
13.265593,-13.218612,-1.699142
13.265006,-13.263252,-1.71847
13.252219,-13.302574,-1.723491
13.244648,-13.344077,-1.722041
13.228088,-13.433404,-1.731615
13.210171,-13.515148,-1.734598
13.193619,-13.60964,-1.761638
13.186632,-13.664098,-1.760264
13.186522,-13.704055,-1.760107
13.165291,-13.746569,-1.76241
13.137308,-13.830301,-1.76422
13.117653,-13.918604,-1.766012
13.10137,-14.005779,-1.79238
13.087779,-14.057348,-1.812479
13.080777,-14.109785,-1.809885
13.07131,-14.143982,-1.814883
13.04451,-14.212892,-1.816142
13.011537,-14.307093,-1.828304
12.988295,-14.368577,-1.844672
12.972655,-14.424989,-1.84053
12.963285,-14.471152,-1.840468
12.943886,-14.561816,-1.866889
12.917896,-14.642152,-1.871707
12.889085,-14.715168,-1.886982
12.865306,-14.777943,-1.900001
12.853128,-14.826517,-1.898031
12.839934,-14.86857,-1.887558
12.820914,-14.951055,-1.807875
12.821424,-15.033934,-1.717369
12.836358,-15.118827,-1.633019
12.857913,-15.165014,-1.563952
12.867734,-15.20087,-1.567257
12.87163,-15.24729,-1.545772
12.870468,-15.333221,-1.543149
12.867703,-15.43179,-1.555318
12.86094,-15.48328,-1.595021
12.85903,-15.525616,-1.59327
12.862129,-15.560631,-1.598266
12.857537,-15.650617,-1.607997
12.854441,-15.73839,-1.610292
12.835387,-15.782702,-1.623749
12.8278,-15.820927,-1.622874
12.821176,-15.883842,-1.631115
12.816778,-15.966368,-1.627359
12.814851,-16.056012,-1.634219
12.798741,-16.145487,-1.651377
12.793817,-16.205918,-1.657983
12.793885,-16.255892,-1.655086
12.792081,-16.294456,-1.654841
12.776494,-16.396069,-1.679569
12.771103,-16.464596,-1.694566
12.752277,-16.547361,-1.719521
12.74382,-16.622096,-1.726455
12.72077,-16.714706,-1.744138
12.71323,-16.750855,-1.736866
12.710237,-16.779236,-1.734536
12.693179,-16.828991,-1.754242
12.661465,-16.930091,-1.765843
12.63831,-17.031153,-1.779334
12.628897,-17.075347,-1.80199
12.621604,-17.108087,-1.797588
12.598103,-17.146958,-1.804076
12.566081,-17.233391,-1.81543
12.535795,-17.318745,-1.827203
12.508499,-17.407918,-1.834584
12.47982,-17.453711,-1.875368
12.459153,-17.486341,-1.861799
12.440787,-17.540169,-1.883382
12.426435,-17.620186,-1.876192
12.398203,-17.715744,-1.901514
12.360773,-17.798898,-1.851738
12.367848,-17.863523,-1.768084
12.368436,-17.910513,-1.758653
12.373782,-17.957868,-1.682108
12.382387,-18.041332,-1.630221
12.40077,-18.130946,-1.559394
12.433508,-18.22452,-1.476271
12.45728,-18.316616,-1.416604
12.475172,-18.374125,-1.404248
12.476082,-18.409873,-1.400575
12.488162,-18.457599,-1.425589
12.493346,-18.538543,-1.435199
12.493839,-18.623726,-1.423346
12.505871,-18.673835,-1.452336
12.497565,-18.713979,-1.450575
12.524003,-18.771751,-1.462125
12.537145,-18.870114,-1.49545
12.532613,-18.951865,-1.517325
12.536718,-19.002254,-1.505407
12.531736,-19.042323,-1.518639
12.536002,-19.103625,-1.512467
12.534337,-19.200157,-1.55478
12.532307,-19.283492,-1.552567
12.526891,-19.365636,-1.59478
12.526765,-19.407666,-1.566109
12.521549,-19.442148,-1.580239
12.52958,-19.492284,-1.523785
12.543285,-19.594129,-1.536829
12.539648,-19.68971,-1.529991
12.535648,-19.781046,-1.528824
12.538929,-19.82739,-1.538632
12.537409,-19.866656,-1.555132
12.538856,-19.908924,-1.560181
12.538254,-19.997447,-1.558315
12.531468,-20.089158,-1.583552
12.532183,-20.131197,-1.587421
12.523794,-20.17454,-1.602931
12.52897,-20.225067,-1.586563
12.527367,-20.314911,-1.611465
12.519681,-20.40062,-1.643056
12.500029,-20.492688,-1.708299
12.468047,-20.576033,-1.796499
12.443256,-20.612255,-1.832868
12.415941,-20.649632,-1.848725
12.389553,-20.689026,-1.926402
12.339322,-20.774288,-1.993919
12.275649,-20.848075,-2.090107
12.211213,-20.918258,-2.152891
12.164726,-20.960008,-2.189212
12.121607,-20.990634,-2.207596
12.07955,-21.01694,-2.280391
11.99551,-21.07611,-2.361307
11.914417,-21.127241,-2.436947
11.862746,-21.146845,-2.49185
11.822219,-21.164705,-2.506646
11.776541,-21.179658,-2.563216
11.685782,-21.209228,-2.643689
11.598306,-21.233678,-2.711123
11.568816,-21.225825,-2.746447
11.535119,-21.222297,-2.752975
11.431252,-21.243849,-2.828118
11.390982,-21.251258,-2.905373
11.342988,-21.248677,-2.916644
11.289874,-21.236383,-2.974176
11.221524,-21.244065,-3.052444
11.160275,-21.224457,-3.088721
11.099746,-21.211956,3.123071
11.051006,-21.199522,3.111674
10.996305,-21.182348,3.052681
10.904729,-21.16754,3.026831
10.874548,-21.153741,3.043282
10.823384,-21.143587,3.061917
10.772068,-21.13386,3.046586
10.741973,-21.127172,3.04373
10.63854,-21.107889,3.028009
10.543488,-21.091383,3.000919
10.504143,-21.084093,2.99526
10.434384,-21.074672,3.010474
10.371627,-21.059257,2.99447
10.271876,-21.045584,2.970596
10.191492,-21.031288,2.94961
10.118472,-21.021496,2.970542
10.047005,-21.006956,2.948134
9.987138,-20.994369,2.930423
9.89471,-20.973354,2.906016
9.821674,-20.955574,2.887649
9.742908,-20.928937,2.926651
9.673832,-20.905195,2.902347
9.648588,-20.896931,2.907906
9.609976,-20.888282,2.906471
9.56963,-20.876961,2.893511
9.483532,-20.859008,2.900754
9.403732,-20.840262,2.889423
9.375557,-20.835136,2.890941
9.332649,-20.822954,2.878244
9.297214,-20.808119,2.883787
9.216319,-20.781985,2.880039
9.089199,-20.739851,2.834512
9.001886,-20.690356,2.751654
8.93893,-20.653198,2.709731
8.905122,-20.627219,2.686216
8.88224,-20.610743,2.680729
8.849705,-20.58704,2.68176
8.773339,-20.543476,2.675574
8.686089,-20.497736,2.66544
8.599049,-20.451254,2.661976
8.546711,-20.427342,2.66441
8.516906,-20.415106,2.665823
8.496884,-20.403192,2.660903
8.453088,-20.388017,2.659757
8.370219,-20.347096,2.655736
8.294918,-20.30306,2.646137
8.254938,-20.280148,2.639916
8.213969,-20.252928,2.635375
8.178626,-20.235356,2.628483
8.078566,-20.17287,2.62225
8.009966,-20.113713,2.605894
7.980177,-20.080756,2.535783
7.923961,-20.037126,2.464293
7.871004,-19.988347,2.451607
7.826246,-19.912167,2.372011
7.788129,-19.839296,2.346938
7.755853,-19.787568,2.267758
7.733908,-19.725866,2.198746
7.714675,-19.669966,2.191138
7.688348,-19.617474,2.116009
7.643137,-19.538333,2.098646
7.621183,-19.453171,2.092826
7.616954,-19.409038,2.09051
7.604691,-19.36693,2.08718
7.57473,-19.319999,2.0827
7.536047,-19.252111,2.073569
7.499069,-19.181617,2.063685
7.41969,-19.094644,2.057454
7.393971,-19.054432,2.039524
7.377302,-19.018298,2.032426
7.387216,-18.972045,1.968662
7.376203,-18.883433,1.893821
7.380534,-18.79092,1.815297
7.382588,-18.72375,1.747689
7.381264,-18.664853,1.742021
7.399914,-18.62223,1.706457
7.397622,-18.544379,1.634622
7.420439,-18.457246,1.564205
7.440693,-18.404385,1.48815
7.448114,-18.363408,1.487301
7.459144,-18.310785,1.456331
7.465266,-18.235411,1.374801
7.507824,-18.147679,1.303318
7.547549,-18.073898,1.226388
7.598834,-18.027564,1.15597
7.622014,-17.986039,1.156459
7.662393,-17.933917,1.138835
7.687518,-17.857565,1.128231
7.733814,-17.774861,1.132397
7.763101,-17.728059,1.130913
7.775815,-17.695882,1.129178
7.790727,-17.658996,1.123628
7.852761,-17.570408,1.128911
7.877118,-17.496684,1.129168
7.902127,-17.410183,1.106664
7.954333,-17.325899,1.109806
7.976112,-17.280391,1.107665
7.991394,-17.243654,1.106049
8.001459,-17.203972,1.099998
8.060851,-17.129941,1.106955
8.094366,-17.052944,1.104001
8.145403,-16.972427,1.108305
8.187002,-16.915234,1.093286
8.202586,-16.873846,1.093366
8.214907,-16.83695,1.093836
8.235141,-16.760633,1.089145
8.288861,-16.675494,1.078703
8.331659,-16.598918,1.080534
8.346741,-16.559353,1.07396
8.356493,-16.529127,1.073388
8.37656,-16.496326,1.054034
8.438804,-16.417508,1.062192
8.495746,-16.340469,1.066362
8.546064,-16.256772,1.046774
8.582323,-16.181442,1.053968
8.610066,-16.138961,1.034368
8.630798,-16.103836,1.038927
8.65658,-16.061208,1.038257
8.70434,-15.98831,1.038374
8.754642,-15.909026,1.040146
8.810151,-15.824018,1.023442
8.828397,-15.786919,1.002927
8.844084,-15.74902,1.009068
8.874198,-15.711326,1.008703
8.930505,-15.633962,0.999577
8.975331,-15.559115,0.988704
8.998523,-15.527673,0.972265
9.018873,-15.497472,0.978876
9.044359,-15.45977,0.983021
9.102748,-15.375682,0.976116
9.158571,-15.302991,0.986591
9.203266,-15.230178,0.954116
9.250811,-15.160158,0.947616
9.284248,-15.123781,0.95359
9.306695,-15.091507,0.960467
9.329377,-15.056872,0.940619
9.389985,-14.989171,0.918747
9.443579,-14.923255,0.928655
9.494523,-14.852816,0.944863
9.519008,-14.812381,0.964266
9.527453,-14.786747,0.969309
9.53426,-14.744148,1.048865
9.549399,-14.676197,1.137551
9.559011,-14.579867,1.241741
9.568532,-14.500773,1.305951
9.553477,-14.456167,1.387337
9.529827,-14.403109,1.485325
9.528094,-14.342685,1.494056
9.5241,-14.251474,1.558663
9.505846,-14.158442,1.582075
9.513208,-14.122752,1.571769
9.518061,-14.089164,1.57704
9.529429,-14.039613,1.550103
9.522646,-13.94254,1.556183
9.518344,-13.845367,1.560361
9.504523,-13.752455,1.559355
9.526503,-13.649812,1.546957
9.545802,-13.571341,1.538898
9.542194,-13.525818,1.536218
9.529968,-13.477255,1.533372
9.525994,-13.437907,1.540991
9.544714,-13.33253,1.527085
9.548926,-13.240083,1.543077
9.54053,-13.19448,1.539668
9.555559,-13.143749,1.499451
9.567326,-13.096039,1.512726
9.575081,-13.008571,1.525881
9.567212,-12.929112,1.534695
9.550187,-12.853208,1.540911
9.561293,-12.771302,1.502457
9.564327,-12.728469,1.509725
9.568301,-12.666593,1.485321
9.569648,-12.618748,1.500487
9.564855,-12.529135,1.517382
9.556524,-12.461366,1.536546
9.57687,-12.370798,1.518639
9.579709,-12.308107,1.507891
9.599256,-12.256275,1.496477
9.600604,-12.198788,1.494218
9.596897,-12.108122,1.526544
9.592981,-12.025319,1.538368
9.597716,-11.934026,1.524024
9.611984,-11.879071,1.499687
9.618293,-11.838245,1.504667
9.618531,-11.7998,1.519564
9.632975,-11.704939,1.516204
9.629885,-11.621826,1.54379
9.618787,-11.578773,1.537332
9.621938,-11.523112,1.516908
9.618003,-11.478297,1.538295
9.626414,-11.3854,1.526731
9.634412,-11.290028,1.52596
9.628736,-11.210739,1.563997
9.637656,-11.106302,1.53166
9.631455,-11.05665,1.540375
9.637665,-11.000075,1.540272
9.622204,-10.951004,1.549378
9.609918,-10.876192,1.582621
9.599154,-10.760536,1.606848
9.571652,-10.65359,1.67961
9.552253,-10.596182,1.728214
9.525477,-10.561967,1.774692
9.511801,-10.527238,1.796591
9.474013,-10.432863,1.869607
9.424986,-10.343998,1.948955
9.400973,-10.278897,1.974689
9.378926,-10.232245,1.957499
9.37858,-10.201937,1.958185
9.378254,-10.178443,1.965346
9.326727,-10.106721,1.982308
9.312644,-10.047097,1.983951
9.257803,-9.960717,1.954899
9.221089,-9.906744,1.958939
9.196339,-9.862134,1.966114
9.177557,-9.818141,1.970417
9.147046,-9.737127,1.968654
9.112459,-9.671629,1.987981
9.102244,-9.639992,1.998318
9.089611,-9.612802,2.007502
9.065205,-9.576643,2.055498
9.001915,-9.503185,2.131749
8.9434,-9.441869,2.173248
8.874825,-9.38127,2.243099
8.837403,-9.352156,2.301894
8.783216,-9.324474,2.363112
8.744622,-9.298787,2.372588
8.653068,-9.242205,2.442205
8.57565,-9.194985,2.482979
8.482936,-9.154869,2.546038
8.444048,-9.132483,2.610654
8.379069,-9.123045,2.692093
8.33422,-9.114641,2.700041
8.24398,-9.094591,2.797284
8.167147,-9.075514,2.848007
8.094542,-9.066739,2.886329
8.054262,-9.060274,2.881386
7.965897,-9.058329,2.864312
7.9081,-9.051585,2.876264
7.854568,-9.02975,2.882629
7.744165,-9.00729,2.856278
7.669396,-8.981258,2.856036
7.601574,-8.97324,2.86181
7.530485,-8.961242,2.882075
7.495558,-8.955379,2.921991
7.411171,-8.940612,2.988637
7.308947,-8.932783,3.055924
7.244711,-8.94448,3.124373
7.225942,-8.949967,3.128724
7.151592,-8.975723,-3.102498
7.082245,-9.001287,-3.06878
7.010876,-9.014288,-2.989008
6.918566,-9.048341,-2.93202
6.839649,-9.084181,-2.859251
6.811062,-9.108705,-2.845712
6.78761,-9.119366,-2.839758
6.737039,-9.145351,-2.850057
6.668528,-9.168311,-2.844276
6.562864,-9.190443,-2.846177
6.495367,-9.217521,-2.848953
6.428411,-9.243956,-2.860084
6.378375,-9.257678,-2.850456
6.320582,-9.259029,-2.844459
6.257564,-9.283052,-2.850379
6.147709,-9.314321,-2.851477
6.082901,-9.334281,-2.848231
6.06856,-9.337239,-2.854167
6.06069,-9.339036,-2.852623
6.002867,-9.370184,-2.870889
5.8885,-9.384657,-2.865221
5.791889,-9.404944,-2.864807
5.692734,-9.439805,-2.869597
5.638062,-9.454151,-2.86784
5.58958,-9.46766,-2.879642
5.536164,-9.480093,-2.873207
5.484349,-9.483579,-2.869592
5.40878,-9.502255,-2.859926
5.345129,-9.528324,-2.861632
5.287382,-9.548997,-2.857539
5.236377,-9.567088,-2.852509
5.201079,-9.582043,-2.85348
5.110887,-9.607418,-2.854354
5.026884,-9.629756,-2.844138
4.941847,-9.662349,-2.843872
4.849173,-9.696841,-2.840614
4.780026,-9.718401,-2.837701
4.731972,-9.734062,-2.839331
4.692515,-9.75145,-2.83653
4.654551,-9.764862,-2.832425
4.561772,-9.791692,-2.829061
4.46433,-9.822586,-2.826779
4.380418,-9.841041,-2.826194
4.316605,-9.866128,-2.831919
4.284797,-9.881669,-2.839394
4.258124,-9.899334,-2.838099
4.193361,-9.914265,-2.839248
4.103744,-9.941373,-2.84327
4.019502,-9.960844,-2.845428
3.949241,-9.976272,-2.849131
3.906644,-9.984948,-2.856363
3.862699,-10.000356,-2.853516
3.816104,-10.008236,-2.859305
3.740436,-10.026383,-2.853336
3.645061,-10.056023,-2.855242
3.580537,-10.068305,-2.861008
3.529448,-10.081616,-2.856315
3.489921,-10.098656,-2.802501
3.401175,-10.14398,-2.733281
3.339794,-10.188413,-2.669542
3.279568,-10.237633,-2.64027
3.254974,-10.261396,-2.633666
3.229614,-10.285432,-2.634726
3.204962,-10.294412,-2.631164
3.129173,-10.339045,-2.635528
3.038839,-10.39066,-2.634811
2.960255,-10.446115,-2.6346
2.907374,-10.473587,-2.628293
2.880966,-10.492308,-2.627585
2.818998,-10.529846,-2.625595
2.733316,-10.577444,-2.625519
2.662427,-10.61284,-2.624578
2.602346,-10.644194,-2.623
2.567891,-10.666491,-2.628299
2.523372,-10.698152,-2.627136
2.496979,-10.725294,-2.625773
2.428188,-10.768013,-2.535659
2.377488,-10.821742,-2.465395
2.320931,-10.885394,-2.392598
2.280124,-10.943841,-2.353432
2.266542,-10.975349,-2.32058
2.244133,-11.013784,-2.308924
2.185879,-11.077858,-2.300143
2.122544,-11.148912,-2.300406
2.062369,-11.217069,-2.301363
2.038338,-11.249949,-2.301988
2.008862,-11.283752,-2.297266
1.9816,-11.317954,-2.299263
1.889839,-11.404071,-2.303707
1.834717,-11.470946,-2.306007
1.817778,-11.490724,-2.299054
1.791338,-11.51936,-2.305658
1.741051,-11.56995,-2.302238
1.679934,-11.632742,-2.300798
1.637251,-11.686966,-2.304152
1.570193,-11.75232,-2.307432
1.531811,-11.789358,-2.308395
1.507333,-11.826206,-2.310133
1.46056,-11.873906,-2.314456
1.399182,-11.938845,-2.314316
1.340858,-11.995621,-2.311046
1.287951,-12.058846,-2.309332
1.269772,-12.081527,-2.30766
1.245914,-12.112169,-2.308561
1.203837,-12.156506,-2.309092
1.142393,-12.223369,-2.339188
1.051405,-12.29241,-2.40555
0.996388,-12.326673,-2.44396
0.956032,-12.347473,-2.473233
0.926274,-12.36834,-2.472822
0.859654,-12.423212,-2.497046
0.775678,-12.483423,-2.501275
0.734021,-12.511895,-2.499229
0.687587,-12.540974,-2.498991
0.648377,-12.566997,-2.50134
0.5754,-12.616358,-2.499309
0.518583,-12.656093,-2.498817
0.440186,-12.717872,-2.495949
0.412008,-12.738459,-2.496596
0.392296,-12.748201,-2.494054
0.364012,-12.777014,-2.49708
0.282186,-12.83638,-2.497029
0.199557,-12.892929,-2.494727
0.162746,-12.914556,-2.502681
0.124692,-12.943261,-2.502886
0.084129,-12.973376,-2.501763
0.010426,-13.026536,-2.507558
-0.033644,-13.05439,-2.511545
-0.087944,-13.093495,-2.511458
-0.123611,-13.127201,-2.508066
-0.168613,-13.164634,-2.50847
-0.222731,-13.196087,-2.507881
-0.276756,-13.23742,-2.509155
-0.359644,-13.301506,-2.509962
-0.440477,-13.358961,-2.508271
-0.494894,-13.401851,-2.508367
-0.530501,-13.424732,-2.506096
-0.571941,-13.458081,-2.508427
-0.638802,-13.507774,-2.506935
-0.702416,-13.554142,-2.500788
-0.759705,-13.598999,-2.497474
-0.798066,-13.621524,-2.496197
-0.853717,-13.664464,-2.49786
-0.92767,-13.721932,-2.488132
-0.993044,-13.767818,-2.491085
-1.03155,-13.793135,-2.487921
-1.080083,-13.830782,-2.487209
-1.097253,-13.83613,-2.486066
-1.170636,-13.890242,-2.493573
-1.22861,-13.941475,-2.504175
-1.27051,-13.977398,-2.509657
-1.319039,-14.007607,-2.516013
-1.34744,-14.031269,-2.515227
-1.354671,-14.029397,-2.518151
-1.444308,-14.09712,-2.524366
-1.533923,-14.164805,-2.521039
-1.623316,-14.223484,-2.526479
-1.632305,-14.225482,-2.537003
-1.663346,-14.244883,-2.535658
-1.663509,-14.248124,-2.542263
-1.777596,-14.329655,-2.547046
-1.802598,-14.339122,-2.553768
-1.84062,-14.368188,-2.558752
-1.844166,-14.364441,-2.557722
-1.875357,-14.376594,-2.561642
-1.993459,-14.45568,-2.564835
-2.068158,-14.501941,-2.559305
-2.149721,-14.557649,-2.568088
-2.159604,-14.556302,-2.572913
-2.196528,-14.582312,-2.572024
-2.23043,-14.59297,-2.57534
-2.284977,-14.622367,-2.579155
-2.368993,-14.672812,-2.584746
-2.409899,-14.694801,-2.591057
-2.474886,-14.736799,-2.593968
-2.489193,-14.745344,-2.593728
-2.531751,-14.775442,-2.603368
-2.576802,-14.796326,-2.607939
-2.631355,-14.817584,-2.609883
-2.669012,-14.834172,-2.61799
-2.684543,-14.846166,-2.617761
-2.734952,-14.882295,-2.56237
-2.799718,-14.940702,-2.464268
-2.865394,-15.006172,-2.425834
-2.869269,-15.028011,-2.434306
-2.881304,-15.041375,-2.435232
-2.91958,-15.067459,-2.440196
-2.973914,-15.11841,-2.443808
-3.048531,-15.189368,-2.453637
-3.154312,-15.275247,-2.452994
-3.249299,-15.354933,-2.460865
-3.249656,-15.365199,-2.462495
-3.302335,-15.410336,-2.466766
-3.409644,-15.491563,-2.469293
-3.478666,-15.537627,-2.470449
-3.563815,-15.603187,-2.477593
-3.665721,-15.687125,-2.484454
-3.735201,-15.732024,-2.48886
-3.793331,-15.78181,-2.488747
-3.854538,-15.820134,-2.495381
-3.960142,-15.892345,-2.50169
-4.099304,-15.993423,-2.498246
-4.206597,-16.080344,-2.505096
-4.252082,-16.112357,-2.516545
-4.256766,-16.111595,-2.515428
-4.266669,-16.120518,-2.527715
-4.325555,-16.159307,-2.534992
-4.421949,-16.221103,-2.536811
-4.403495,-16.199537,-2.546992
-4.500728,-16.274473,-2.556744
-4.508101,-16.277691,-2.555968
-4.603483,-16.347457,-2.568588
-4.708541,-16.409997,-2.573846
-4.823163,-16.488903,-2.57439
-4.882743,-16.530706,-2.579541
-4.954557,-16.578234,-2.578364
-4.9652,-16.579194,-2.590172
-5.028728,-16.614795,-2.601479
-5.046149,-16.607613,-2.607868
-5.0906,-16.6217,-2.617783
-5.081816,-16.605643,-2.616091
-5.111116,-16.61328,-2.626073
-5.198555,-16.664951,-2.637073
-5.303238,-16.733938,-2.634601
-5.366342,-16.783563,-2.592671
-5.405778,-16.814086,-2.49922
-5.499164,-16.90115,-2.459059
-5.563499,-16.958758,-2.458821
-5.51845,-16.929629,-2.466965
-5.566437,-16.970512,-2.473008
-5.687115,-17.058296,-2.48326
-5.850068,-17.178227,-2.490477
-5.955565,-17.263723,-2.502319
-5.959306,-17.26976,-2.502751
-5.950928,-17.264162,-2.504052
-6.006187,-17.30397,-2.512161
-6.03006,-17.297802,-2.510793
-6.084108,-17.34016,-2.525062
-6.131922,-17.378173,-2.53681
-6.166182,-17.402596,-2.537363
-6.19109,-17.411223,-2.549052
-6.231114,-17.43258,-2.558183
-6.273444,-17.444887,-2.561164
-6.292444,-17.454623,-2.578194
-6.241722,-17.405082,-2.577519
-6.308906,-17.446474,-2.587258
-6.321654,-17.430332,-2.591049
-6.43953,-17.504572,-2.589752
-6.431215,-17.482298,-2.603895
-6.480707,-17.511123,-2.61666
-6.465785,-17.482262,-2.615173
-6.497667,-17.496496,-2.625751
-6.555422,-17.523792,-2.634381
-6.69347,-17.61422,-2.649058
-6.767296,-17.658644,-2.654207
-6.869665,-17.741858,-2.654734
-6.913367,-17.759524,-2.662254
-7.084356,-17.86635,-2.670797
-7.041806,-17.807271,-2.680862
-7.162688,-17.88533,-2.668785
-7.267111,-17.953275,-2.634478
-7.360772,-18.036894,-2.548023
-7.458294,-18.114396,-2.505807
-7.490971,-18.140664,-2.505212
-7.46678,-18.112623,-2.511402
-7.565273,-18.187593,-2.523264
-7.607756,-18.213249,-2.531233
-7.677588,-18.260813,-2.547651
-7.706011,-18.276276,-2.561931
-7.660628,-18.239485,-2.561816
-7.745932,-18.299262,-2.568022
-7.878665,-18.38588,-2.56896
-7.91885,-18.398475,-2.577577
-7.969971,-18.421526,-2.59235
-8.062395,-18.484561,-2.608731
-8.102383,-18.50683,-2.606992
-8.053136,-18.461657,-2.558132
-8.005981,-18.428493,-2.513004
-8.169055,-18.584172,-2.42399
-8.02878,-18.49597,-2.332095
-8.018031,-18.517641,-2.238381
-8.107762,-18.609574,-2.241297
-8.207444,-18.739501,-2.147961
-8.233849,-18.822333,-2.110153
-8.330842,-18.980382,-2.020145
-8.411472,-19.134209,-1.930552
-8.389756,-19.192125,-1.836171
-8.393154,-19.230477,-1.838115
-8.444634,-19.351197,-1.74062
-8.408016,-19.38933,-1.718368
-8.366383,-19.435501,-1.712714
-8.398291,-19.530274,-1.719273
-8.275677,-19.450201,-1.719938
-8.159722,-19.401087,-1.726879
-8.111509,-19.417513,-1.728272
-8.162764,-19.526279,-1.738045
-8.054724,-19.51098,-1.748988
-8.266215,-19.736438,-1.757646
-8.213036,-19.714462,-1.759471
-8.096928,-19.648813,-1.771075
-8.15397,-19.771204,-1.782735
-8.166218,-19.83597,-1.845132
-8.15299,-19.879316,-1.925007
-8.289222,-19.999913,-1.953749
-8.407143,-20.101863,-1.954318
-8.398807,-20.104441,-2.03217
-8.45726,-20.190333,-2.115981
-8.442074,-20.196686,-2.195963
-8.52034,-20.261345,-2.271125
-8.651824,-20.368943,-2.271611
-8.757881,-20.445202,-2.314212
-9.010412,-20.644251,-2.39577
-9.115304,-20.720349,-2.451845
-9.130189,-20.714479,-2.465357
-8.977289,-20.575883,-2.463771
-8.958421,-20.546699,-2.475101
-9.088591,-20.646541,-2.488387
-9.227291,-20.756447,-2.496198
-9.367904,-20.863814,-2.49876
-9.354885,-20.842888,-2.509374
-9.483565,-20.945723,-2.508689
-9.449767,-20.921772,-2.523509
-9.568846,-21.004559,-2.53193
-9.499873,-20.937612,-2.541847
-9.607576,-21.012363,-2.548583
-9.627471,-21.006566,-2.553621
-9.445678,-20.854099,-2.554232
-9.365755,-20.778369,-2.563891
-9.287006,-20.713494,-2.569033
-9.364845,-20.769666,-2.569121
-9.370427,-20.758422,-2.567592
-9.371563,-20.745544,-2.569096
-9.400802,-20.765124,-2.568472
-9.422819,-20.782625,-2.515741
-9.398726,-20.770218,-2.452971
-9.428664,-20.8162,-2.383432
-9.531236,-20.926557,-2.357477
-9.589724,-20.993338,-2.284411
-9.628971,-21.040661,-2.286048
-9.591029,-21.025448,-2.270611
-9.495831,-20.968779,-2.271621
-9.546317,-21.033726,-2.269854
-9.559093,-21.068058,-2.274256
-9.62847,-21.137576,-2.275642
-9.638902,-21.156958,-2.276701
-9.742143,-21.257911,-2.281587
-9.764229,-21.292097,-2.28588
-9.81453,-21.359306,-2.285215
-9.865663,-21.414621,-2.293502
-9.882841,-21.435383,-2.294432
-9.861902,-21.428792,-2.288709
-9.941215,-21.503356,-2.28465
-10.047327,-21.600196,-2.281434
-10.072528,-21.639478,-2.284121
-10.097396,-21.678755,-2.280987
-10.04217,-21.641064,-2.282706
-10.04841,-21.653658,-2.282588
-10.061604,-21.687423,-2.283168
-10.133666,-21.768645,-2.292287
-10.258673,-21.883294,-2.290373
-10.311295,-21.941571,-2.291249
-10.325042,-21.965375,-2.293326
-10.355559,-21.996017,-2.294394
-10.404282,-22.049649,-2.291421
-10.479273,-22.122588,-2.292627
-10.559015,-22.195012,-2.315546
-10.582165,-22.206021,-2.380365
-10.621455,-22.235442,-2.45366
-10.659927,-22.254324,-2.452488
-10.701196,-22.282503,-2.492684
-10.910437,-22.429383,-2.536229
-11.053471,-22.528481,-2.543864
-11.160563,-22.603749,-2.545403
-11.29057,-22.692702,-2.544896
-11.512457,-22.870106,-2.542476
-11.534703,-22.881336,-2.540829
-11.486397,-22.839998,-2.54241
-11.445129,-22.799771,-2.544001
-11.592435,-22.900046,-2.541308
-11.646498,-22.943312,-2.547615
-11.598458,-22.898509,-2.547442
-11.787859,-23.048222,-2.546944
-11.761172,-23.016295,-2.549881
-11.883845,-23.101817,-2.550281
-11.876174,-23.086656,-2.551647
-11.902868,-23.111689,-2.550037
-11.832964,-23.056811,-2.549473
-11.81383,-23.035405,-2.549724
-11.894,-23.084013,-2.551849
-11.976756,-23.136518,-2.552054
-12.008383,-23.156589,-2.553118
-11.973479,-23.113807,-2.551001
-12.019972,-23.14937,-2.554562
-12.131894,-23.230872,-2.559352
-12.185467,-23.263116,-2.562559
-12.213057,-23.269301,-2.55914
-12.263892,-23.304663,-2.558099
-12.290099,-23.319532,-2.557544
-12.327696,-23.335746,-2.557901
-12.354819,-23.351016,-2.561093
-12.416774,-23.399414,-2.563284
-12.480804,-23.442556,-2.563336
-12.475384,-23.435592,-2.562845
-12.502873,-23.443312,-2.559943
-12.572723,-23.488013,-2.555505
-12.638126,-23.533259,-2.561242
-12.72047,-23.589924,-2.557916
-12.750154,-23.606036,-2.553852
-12.787669,-23.631051,-2.553206
-12.828093,-23.65924,-2.54933
-12.895685,-23.705801,-2.542631
-12.960175,-23.749746,-2.538757
-12.986393,-23.766363,-2.534353
-13.019723,-23.784652,-2.533971
-13.067059,-23.823487,-2.530148
-13.140252,-23.883704,-2.507087
-13.204831,-23.949893,-2.438241
-13.253569,-24.011124,-2.365325
-13.263678,-24.048267,-2.289235
-13.284966,-24.083708,-2.290622
-13.308089,-24.121097,-2.268189
-13.369891,-24.205402,-2.259711
-13.414658,-24.272248,-2.254421
-13.471627,-24.334311,-2.244695
-13.480494,-24.350873,-2.246418
-13.494741,-24.384707,-2.237452
-13.564602,-24.465818,-2.230913
-13.640179,-24.557697,-2.215195
-13.705575,-24.637367,-2.220334
-13.722769,-24.670842,-2.211118
-13.749323,-24.706372,-2.213223
-13.788363,-24.758501,-2.204746
-13.847896,-24.841703,-2.195246
-13.906201,-24.922467,-2.186227
-13.979158,-25.017087,-2.179035
-13.999836,-25.050721,-2.167351
-14.043547,-25.095674,-2.169772
-14.104071,-25.165774,-2.17928
-14.168008,-25.237308,-2.260298
-14.239706,-25.297281,-2.354062
-14.33006,-25.357329,-2.393593
-14.4026,-25.402614,-2.431997
-14.452875,-25.441357,-2.431356
-14.508831,-25.482493,-2.422273
-14.59512,-25.552451,-2.408874
-14.667073,-25.616697,-2.398677
-14.684962,-25.640352,-2.385512
-14.725324,-25.674474,-2.385544
-14.769868,-25.720043,-2.374512
-14.838936,-25.787187,-2.362311
-14.90077,-25.849999,-2.352414
-14.959079,-25.90861,-2.337886
-15.005753,-25.965897,-2.337822
-15.03517,-26.005427,-2.321608
-15.046511,-26.02581,-2.323972
-15.099392,-26.078538,-2.309744
-15.147867,-26.134565,-2.293572
-15.210185,-26.200817,-2.285521
-15.24472,-26.246907,-2.275645
-15.252751,-26.265741,-2.276367
-15.260456,-26.29297,-2.260761
-15.325834,-26.367326,-2.244199
-15.375352,-26.433539,-2.256389
-15.429366,-26.497228,-2.288531
-15.522648,-26.568772,-2.373204
-15.614099,-26.61754,-2.463311
-15.66465,-26.64024,-2.561623
-15.732586,-26.675139,-2.557366
-15.789468,-26.698372,-2.59042
-15.881485,-26.753633,-2.582381
-15.963592,-26.808865,-2.570634
-16.033137,-26.854325,-2.553593
-16.115781,-26.920656,-2.552873
-16.175403,-26.962051,-2.539715
-16.326557,-27.06685,-2.53509
-16.521787,-27.200866,-2.504352
-16.76053,-27.376678,-2.487538
-16.874072,-27.466576,-2.474627
-16.960647,-27.541336,-2.475668
-17.033311,-27.60117,-2.466856
-17.132336,-27.678168,-2.458114
-17.228024,-27.752512,-2.438147
-17.31206,-27.803571,-2.415322
-17.378445,-27.855659,-2.417347
-17.44131,-27.903733,-2.406514
-17.532501,-27.986619,-2.409829
-17.626003,-28.065775,-2.40093
-17.705733,-28.148937,-2.39703
-17.772396,-28.199158,-2.373773
-17.827388,-28.25686,-2.380247
-17.878849,-28.308819,-2.377098
-17.959174,-28.391454,-2.375033
-18.04407,-28.474747,-2.369263
-18.092797,-28.528639,-2.364495
-18.150489,-28.585967,-2.37006
-18.203312,-28.640218,-2.361237
-18.302814,-28.734158,-2.358957
-18.376982,-28.803809,-2.355123
-18.453071,-28.879882,-2.354516
-18.492203,-28.918255,-2.343377
-18.522151,-28.954964,-2.345834
-18.551276,-28.997233,-2.341509
-18.620965,-29.072234,-2.338793
-18.691632,-29.146511,-2.325567
-18.740015,-29.188648,-2.336456
-18.783552,-29.224973,-2.341912
-18.829615,-29.261763,-2.425691
-18.916225,-29.309632,-2.53722
-19.009024,-29.353776,-2.633179
-19.107645,-29.393202,-2.67253
-19.161391,-29.396263,-2.775646
-19.20297,-29.406326,-2.777614
-19.27526,-29.421531,-2.814597
-19.370315,-29.452329,-2.811455
-19.448269,-29.483988,-2.805582
-19.495824,-29.496142,-2.799877
-19.527876,-29.510247,-2.801139
-19.571846,-29.523878,-2.796223
-19.658667,-29.561517,-2.770709
-19.751258,-29.596404,-2.767928
-19.844238,-29.638057,-2.75984
-19.890281,-29.657648,-2.762934
-19.922737,-29.671355,-2.76473
-19.961712,-29.68835,-2.750439
-20.044439,-29.722746,-2.741063
-20.127239,-29.76081,-2.714565
-20.198975,-29.805727,-2.715501
-20.239514,-29.827698,-2.703777
-20.272202,-29.846635,-2.708234
-20.315448,-29.865817,-2.69784
-20.404076,-29.910727,-2.670249
-20.484821,-29.954036,-2.667818
-20.558234,-29.996958,-2.664041
-20.632152,-30.034853,-2.672142
-20.670543,-30.053708,-2.654759
-20.694891,-30.071907,-2.659038
-20.739765,-30.09549,-2.630005
-20.823,-30.144691,-2.631431
-20.898113,-30.190036,-2.626769
-20.979685,-30.237568,-2.606233
-21.012927,-30.258476,-2.599811
-21.045226,-30.282677,-2.608262
-21.078887,-30.305486,-2.593872
-21.156523,-30.354219,-2.572677
-21.231541,-30.403052,-2.57066
-21.274332,-30.431484,-2.576893
-21.305059,-30.453829,-2.586039
-21.342381,-30.485522,-2.553054
-21.419207,-30.538245,-2.555466
-21.493774,-30.593988,-2.536763
-21.53953,-30.621685,-2.535791
-21.581562,-30.647226,-2.543204
-21.610778,-30.67525,-2.511249
-21.681788,-30.73155,-2.516125
-21.766844,-30.790152,-2.497942
-21.836817,-30.841696,-2.498811
-21.868503,-30.867381,-2.497976
-21.89707,-30.893155,-2.473077
-21.934022,-30.922242,-2.476935
-21.999949,-30.980716,-2.454785
-22.068147,-31.042569,-2.459933
-22.132503,-31.10136,-2.438267
-22.201195,-31.158065,-2.443835
-22.232372,-31.185739,-2.439573
-22.26591,-31.215798,-2.423294
-22.307254,-31.243792,-2.438771
-22.367894,-31.301368,-2.429201
-22.428567,-31.360228,-2.407217
-22.490192,-31.418894,-2.425072
-22.577428,-31.468502,-2.510817
-22.672361,-31.508809,-2.610657
-22.724081,-31.521366,-2.653076
-22.780094,-31.535931,-2.678733
-22.815487,-31.54904,-2.687188
-22.905059,-31.590448,-2.693837
-22.98651,-31.627579,-2.676165
-23.054886,-31.666469,-2.677813
-23.145309,-31.709521,-2.655808
-23.186632,-31.729394,-2.656163
-23.240265,-31.751392,-2.665189
-23.303081,-31.774722,-2.669039
-23.384783,-31.817052,-2.650992
-23.458165,-31.850081,-2.674097
-23.537317,-31.892761,-2.632559
-23.562308,-31.917366,-2.628891
-23.592158,-31.941681,-2.646707
-23.632083,-31.957251,-2.691442
-23.701853,-31.979935,-2.712345
-23.783372,-32.000931,-2.783417
-23.868325,-32.011749,-2.932683
-23.916606,-31.994995,-3.01297
-23.956932,-31.984067,-3.02332
-23.991348,-31.973078,-3.106294
-24.070429,-31.951726,3.084943
-24.157928,-31.923869,2.98565
-24.223826,-31.881752,2.892385
-24.291394,-31.823547,2.806311
-24.35914,-31.795275,2.753821
-24.4116,-31.769656,2.743305
-24.455662,-31.735463,2.655161
-24.523348,-31.660373,2.55983
-24.586398,-31.578058,2.459633
-24.650739,-31.506028,2.395159
-24.68157,-31.465708,2.311801
-24.718688,-31.421837,2.300849
-24.745466,-31.369264,2.232111
-24.79239,-31.289249,2.221952
-24.840041,-31.211614,2.224042
-24.868137,-31.170172,2.220603
-24.90169,-31.13007,2.211111
-24.91607,-31.091403,2.223412
-24.95683,-31.015395,2.22953
-25.00904,-30.93654,2.231729
-25.070129,-30.905276,2.238582
-25.095472,-30.877033,2.237887
-25.120842,-30.837137,2.245599
-25.181573,-30.772501,2.227772
-25.219592,-30.721425,2.228514
-25.266596,-30.649407,2.23866
-25.31398,-30.627028,2.253152
-25.343203,-30.588679,2.330481
-25.381646,-30.550517,2.317376
-25.44695,-30.490999,2.389406
-25.535983,-30.44948,2.404589
-25.592436,-30.400639,2.486949
-25.679102,-30.35315,2.563708
-25.730116,-30.344558,2.638324
-25.799439,-30.321533,2.66918
-25.846043,-30.307817,2.673841
-25.940049,-30.267637,2.678538
-26.012483,-30.23217,2.673671
-26.10881,-30.194448,2.684518
-26.154245,-30.175436,2.672434
-26.190341,-30.158525,2.676781
-26.234121,-30.137607,2.667115
-26.301414,-30.108379,2.670448
-26.376453,-30.07762,2.683242
-26.454916,-30.042904,2.677299
-26.543982,-30.005005,2.676853
-26.580165,-29.988021,2.682167
-26.616826,-29.969604,2.678982
-26.647226,-29.947826,2.670357
-26.699443,-29.903362,2.647638
-26.756108,-29.854113,2.583598
-26.786732,-29.835849,2.532245
-26.823032,-29.809612,2.473736
-26.853934,-29.772755,2.46478
-26.907463,-29.706911,2.393094
-26.950002,-29.635144,2.351868
-26.993168,-29.566607,2.284109
-27.00885,-29.522572,2.225129
-27.031802,-29.467205,2.159151
-27.048978,-29.422712,2.152395
-27.079712,-29.333775,2.11554
-27.110296,-29.238596,2.048247
-27.125903,-29.14076,1.924106
-27.131943,-29.0945,1.885304
-27.134121,-29.051694,1.858298
-27.13428,-28.985496,1.820808
-27.148869,-28.887439,1.750481
-27.153053,-28.779662,1.705883
-27.168603,-28.693902,1.699587
-27.16362,-28.636531,1.711155
-27.168754,-28.576129,1.70439
-27.182523,-28.515749,1.708835
-27.203781,-28.433793,1.706897
-27.205843,-28.335974,1.714934
-27.208811,-28.29196,1.707408
-27.219293,-28.247115,1.716783
-27.225011,-28.207932,1.710569
-27.253169,-28.131389,1.706992
-27.254143,-28.045649,1.712516
-27.264128,-27.948529,1.704578
-27.264285,-27.908266,1.710985
-27.267673,-27.865156,1.704545
-27.27723,-27.818586,1.71729
-27.296409,-27.733703,1.714704
-27.303675,-27.645305,1.714121
-27.310994,-27.558663,1.696778
-27.300749,-27.509569,1.629391
-27.280549,-27.459385,1.571087
-27.272233,-27.405427,1.565546
-27.278495,-27.314412,1.489352
-27.264037,-27.228564,1.452333
-27.233453,-27.180998,1.389748
-27.205407,-27.131466,1.322342
-27.190785,-27.089442,1.318398
-27.145406,-27.011546,1.276993
-27.123017,-26.935323,1.270032
-27.122941,-26.906096,1.276112
-27.089768,-26.858788,1.28672
-27.072221,-26.814987,1.281678
-27.053673,-26.732515,1.279593
-27.04375,-26.668869,1.276463
-27.01529,-26.625952,1.280191
-26.995356,-26.576582,1.278585
-26.970267,-26.525896,1.278646
-26.951448,-26.441567,1.275961
-26.926723,-26.361716,1.274191
-26.899355,-26.267703,1.270378
-26.887679,-26.227958,1.274569
-26.881901,-26.186062,1.269821
-26.870782,-26.13936,1.276213
-26.843559,-26.057783,1.276595
-26.817337,-25.978913,1.276652
-26.80432,-25.929161,1.277962
-26.7925,-25.88635,1.272605
-26.778876,-25.848137,1.277882
-26.751939,-25.78199,1.2726
-26.725685,-25.697882,1.271153
-26.70132,-25.624479,1.271251
-26.679722,-25.550638,1.269656
-26.673462,-25.477973,1.271925
-26.662831,-25.420956,1.265967
-26.645707,-25.35787,1.265763
-26.609568,-25.268733,1.273715
-26.580591,-25.190375,1.273408
-26.562693,-25.150203,1.276826
-26.552695,-25.111032,1.270611
-26.537631,-25.074144,1.269887
-26.518274,-25.009111,1.273483
-26.501638,-24.895959,1.27246
-26.485446,-24.843208,1.272498
-26.470039,-24.80185,1.270586
-26.457013,-24.77049,1.276919
-26.428385,-24.692162,1.277853
-26.408211,-24.599316,1.284221
-26.398154,-24.555883,1.282475
-26.380949,-24.529967,1.280437
-26.377622,-24.490552,1.282945
-26.351174,-24.4107,1.273815
-26.320145,-24.325265,1.225422
-26.25985,-24.226818,1.153453
-26.214094,-24.198721,1.089262
-26.177511,-24.159288,1.08766
-26.150287,-24.122757,1.054575
-26.109445,-24.051201,1.04209
-26.064564,-23.983646,1.036558
-26.040158,-23.94037,1.03041
-26.021894,-23.905737,1.02631
-25.989688,-23.856724,1.033637
-25.95476,-23.791574,1.019966
-25.898798,-23.708897,1.025906
-25.851775,-23.628,1.010439
-25.8203,-23.585751,1.018658
-25.790552,-23.546876,1.017327
-25.776493,-23.510995,1.005155
-25.71706,-23.421659,0.99546
-25.663056,-23.351576,1.006691
-25.615558,-23.274982,0.987566
-25.59512,-23.234167,0.984736
-25.574093,-23.202672,0.983604
-25.535042,-23.150433,0.979208
-25.483244,-23.077179,0.973773
-25.428736,-23.006917,0.966087
-25.370525,-22.932456,0.957529
-25.345576,-22.893141,0.953247
-25.318408,-22.858727,0.952517
-25.289346,-22.826416,0.947427
-25.237429,-22.754936,0.946289
-25.180817,-22.68104,0.937411
-25.147454,-22.636015,0.928559
-25.120211,-22.596318,0.926945
-25.089979,-22.561909,0.921816
-25.034873,-22.488467,0.909619
-24.971635,-22.413822,0.903255
-24.943056,-22.387725,0.898204
-24.922661,-22.357671,0.895817
-24.894795,-22.325555,0.894047
-24.831197,-22.251431,0.885266
-24.781487,-22.177237,0.878566
-24.75788,-22.143425,0.881574
-24.725907,-22.114863,0.88087
-24.696423,-22.077714,0.8777
-24.622668,-22.002579,0.874749
-24.575301,-21.94287,0.870274
-24.510239,-21.872809,0.863359
-24.487717,-21.842235,0.859012
-24.454897,-21.814861,0.860075
-24.428767,-21.778246,0.856544
-24.373124,-21.711976,0.851794
-24.308293,-21.654024,0.856518
-24.259138,-21.591378,0.853959
-24.229599,-21.554301,0.847183
-24.19577,-21.523701,0.848778
-24.158258,-21.486985,0.847884
-24.102966,-21.414348,0.838191
-24.048054,-21.351658,0.833433
-24.01476,-21.319318,0.831705
-23.98685,-21.289411,0.83194
-23.958905,-21.254359,0.824942
-23.890292,-21.188026,0.823022
-23.830778,-21.121303,0.820628
-23.795623,-21.083198,0.817308
-23.777134,-21.062365,0.81613
-23.741363,-21.032288,0.799878
-23.674485,-20.973035,0.797787
-23.603872,-20.906036,0.79595
-23.533192,-20.841797,0.782761
-23.480293,-20.783039,0.779719
-23.426319,-20.725126,0.777213
-23.397317,-20.703373,0.776041
-23.373876,-20.679835,0.776372
-23.349166,-20.64991,0.771909
-23.270546,-20.582024,0.781761
-23.20266,-20.517823,0.779134
-23.127037,-20.445259,0.778036
-23.057122,-20.385994,0.77728
-23.021488,-20.348993,0.771964
-22.989382,-20.319776,0.774726
-22.963874,-20.290463,0.767378
-22.910357,-20.237006,0.776496
-22.867016,-20.159662,0.877597
-22.834826,-20.088866,0.961359
-22.834121,-20.024904,1.074349
-22.827644,-19.982096,1.065308
-22.814661,-19.925401,1.13879
-22.782846,-19.824551,1.153488
-22.755964,-19.746433,1.143695
-22.705453,-19.661407,1.141202
-22.690353,-19.619422,1.134326
-22.671817,-19.588549,1.130966
-22.644738,-19.542491,1.128251
-22.601346,-19.447794,1.129337
-22.552624,-19.36238,1.120389
-22.51137,-19.296517,1.110333
-22.479689,-19.23789,1.114986
-22.459481,-19.195284,1.107829
-22.445269,-19.161058,1.097738
-22.395912,-19.068383,1.099937
-22.34715,-18.989959,1.089936
-22.315698,-18.918467,1.092395
-22.301639,-18.881843,1.088794
-22.290523,-18.857798,1.084523
-22.237903,-18.795004,1.059176
-22.165526,-18.700934,0.984456
-22.105769,-18.638538,0.899204
-22.067839,-18.618814,0.879232
-22.04996,-18.604859,0.87673
-22.001659,-18.573924,0.815385
-21.928499,-18.512771,0.744841
-21.8967,-18.471262,0.736168
-21.804022,-18.43633,0.636111
-21.761455,-18.42534,0.603384
-21.720425,-18.412758,0.564092
-21.630927,-18.367754,0.566105
-21.58745,-18.33374,0.563094
-21.549652,-18.321719,0.567639
-21.485802,-18.298184,0.555117
-21.464588,-18.28559,0.555777
-21.396145,-18.234066,0.561967
-21.332851,-18.186445,0.562973
-21.286523,-18.158014,0.565069
-21.273378,-18.135718,0.560724
-21.212113,-18.113629,0.547985
-21.137171,-18.070307,0.550041
-21.037529,-18.021877,0.562494
-20.981079,-17.975801,0.568205
-20.912967,-17.937485,0.54695
-20.871709,-17.915339,0.54552
-20.801627,-17.882663,0.548857
-20.740642,-17.855507,0.534497
-20.660145,-17.804507,0.535949
-20.568968,-17.753811,0.524498
-20.507002,-17.708131,0.523162
-20.466294,-17.677777,0.530416
-20.411792,-17.657407,0.517165
-20.384174,-17.645319,0.522833
-20.303274,-17.592952,0.523528
-20.238474,-17.551646,0.517141
-20.142693,-17.505907,0.520887
-20.092938,-17.484721,0.516656
-20.061756,-17.464901,0.521925
-20.038651,-17.443715,0.527071
-19.962293,-17.398746,0.525953
-19.902456,-17.353372,0.523285
-19.871947,-17.336333,0.509621
-19.813681,-17.315554,0.502761
-19.777452,-17.291774,0.510522
-19.705751,-17.25043,0.531895
-19.650756,-17.206139,0.577631
-19.596954,-17.152445,0.639685
-19.585871,-17.121794,0.697006
-19.549006,-17.081395,0.756025
-19.513703,-17.042549,0.786016
-19.466479,-16.978099,0.856112
-19.428654,-16.901417,0.922247
-19.391311,-16.822446,0.992501
-19.378733,-16.775736,0.997008
-19.371918,-16.742486,1.054234
-19.355741,-16.694034,1.061397
-19.326049,-16.605912,1.133238
-19.307663,-16.52516,1.171112
-19.313532,-16.474467,1.236604
-19.315672,-16.4255,1.296083
-19.305662,-16.370835,1.301737
-19.297061,-16.279033,1.37159
-19.305468,-16.198993,1.436602
-19.294956,-16.109126,1.474591
-19.298945,-16.057436,1.486608
-19.307121,-16.006888,1.483946
-19.297532,-15.958547,1.487648
-19.287056,-15.868475,1.490566
-19.276601,-15.785405,1.498803
-19.27285,-15.700603,1.497841
-19.276529,-15.659184,1.496002
-19.283583,-15.608669,1.488099
-19.276893,-15.55334,1.492174
-19.258071,-15.444968,1.495592
-19.247776,-15.360731,1.496211
-19.241592,-15.26072,1.500542
-19.234841,-15.168207,1.50476
-19.234917,-15.116719,1.507693
-19.238402,-15.069762,1.50653
-19.233698,-15.023673,1.51257
-19.2374,-14.934329,1.515352
-19.235417,-14.856432,1.517753
-19.225763,-14.767624,1.520406
-19.223433,-14.725274,1.522068
-19.216565,-14.680984,1.527646
-19.211958,-14.628872,1.525916
-19.204977,-14.523759,1.524461
-19.195814,-14.424159,1.528164
-19.203282,-14.372058,1.530826
-19.195982,-14.319374,1.534216
-19.194787,-14.266891,1.541123
-19.195618,-14.166631,1.546331
-19.200426,-14.083847,1.5471
-19.207857,-14.040708,1.554262
-19.210536,-13.98977,1.554919
-19.217953,-13.94775,1.554985
-19.214123,-13.86793,1.55806
-19.220346,-13.791272,1.559229
-19.218326,-13.711039,1.561048
-19.217576,-13.656184,1.561242
-19.207097,-13.60489,1.566043
-19.20605,-13.5611,1.569241
-19.211126,-13.480334,1.575348
-19.216578,-13.408124,1.578475
-19.217114,-13.369103,1.581541
-19.20819,-13.311514,1.576654
-19.213183,-13.265907,1.57737
-19.212001,-13.175231,1.58018
-19.21637,-13.089509,1.578799
-19.219298,-13.05067,1.577617
-19.215091,-13.003265,1.586808
-19.223366,-12.964471,1.587539
-19.22765,-12.86925,1.602365
-19.230242,-12.785527,1.607692
-19.230108,-12.703163,1.612236
-19.228573,-12.651177,1.614253
-19.23459,-12.59459,1.613351
-19.239553,-12.542375,1.614701
-19.250669,-12.444351,1.62317
-19.259565,-12.34925,1.626144
-19.271022,-12.305083,1.626417
-19.276534,-12.270381,1.62659
-19.275491,-12.226805,1.627378
-19.278331,-12.139787,1.629698
-19.285562,-12.04886,1.635524
-19.291834,-11.959851,1.655693
-19.29494,-11.906202,1.660988
-19.298873,-11.860826,1.659789
-19.312319,-11.814038,1.657668
-19.314064,-11.729377,1.662382
-19.32042,-11.639792,1.662817
-19.343707,-11.560622,1.675836
-19.359912,-11.516827,1.748251
-19.376988,-11.475772,1.74344
-19.40176,-11.427897,1.812021
-19.431645,-11.335441,1.847642
-19.462418,-11.245709,1.845488
-19.47038,-11.194736,1.8542
-19.489995,-11.153347,1.846443
-19.508556,-11.114411,1.846548
-19.537092,-11.025706,1.847151
-19.56631,-10.935909,1.867388
-19.592414,-10.846864,1.865474
-19.60795,-10.8006,1.867104
-19.621874,-10.753243,1.861355
-19.635981,-10.711659,1.856263
-19.663954,-10.627623,1.852252
-19.686487,-10.542291,1.852651
-19.720404,-10.45146,1.871042
-19.731457,-10.404147,1.872882
-19.743488,-10.361904,1.866501
-19.754587,-10.321062,1.872136
-19.782417,-10.239439,1.864784
-19.807353,-10.154739,1.864138
-19.837316,-10.072819,1.88214
-19.852776,-10.032051,1.883933
-19.868482,-9.984451,1.874631
-19.885088,-9.939106,1.877103
-19.908598,-9.857365,1.865199
-19.936021,-9.770774,1.88372
-19.952105,-9.723498,1.884737
-19.96402,-9.682116,1.877473
-19.970756,-9.640453,1.880764
-20.003057,-9.559472,1.868437
-20.032575,-9.471165,1.88384
-20.060044,-9.38779,1.87656
-20.074212,-9.345669,1.879688
-20.08655,-9.301856,1.868722
-20.096053,-9.262902,1.899698
-20.123072,-9.184562,1.882493
-20.149668,-9.104562,1.869417
-20.175053,-9.023855,1.863022
-20.186924,-8.984147,1.894589
-20.198034,-8.947635,1.884015
-20.210625,-8.912804,1.881233
-20.23403,-8.828707,1.871563
-20.255588,-8.748851,1.852804
-20.269568,-8.655532,1.795463
-20.260995,-8.608053,1.728569
-20.254986,-8.565101,1.71848
-20.255187,-8.515559,1.686991
-20.247743,-8.434076,1.605762
-20.227521,-8.349839,1.532832
-20.204368,-8.259544,1.473754
-20.171957,-8.213102,1.40657
-20.155395,-8.178343,1.399529
-20.137371,-8.119622,1.368788
-20.102192,-8.029861,1.289917
-20.052752,-7.957964,1.217716
-20.015631,-7.917815,1.152744
-19.991666,-7.888271,1.146832
-19.949088,-7.83923,1.07797
-19.894484,-7.770008,1.030871
-19.833253,-7.710468,0.959288
-19.789253,-7.682835,0.890857
-19.757442,-7.654681,0.885094
-19.707872,-7.625881,0.844353
-19.637372,-7.550054,0.833888
-19.584031,-7.484335,0.825426
-19.526445,-7.423209,0.825385
-19.45319,-7.350105,0.822024
-19.421345,-7.310329,0.823483
-19.403617,-7.283217,0.819521
-19.368964,-7.250506,0.822009
-19.307155,-7.181642,0.810052
-19.243353,-7.120735,0.809742
-19.187476,-7.062439,0.808671
-19.151672,-7.032054,0.846157
-19.132302,-7.002784,0.839954
-19.121813,-6.944078,0.911332
-19.070433,-6.863006,0.985736
-19.031454,-6.776969,1.008857
-19.006559,-6.687283,1.104511
-19.007955,-6.626128,1.208145
-19.007805,-6.576389,1.195618
-19.00438,-6.520956,1.302713
-18.999336,-6.436927,1.340542
-18.98959,-6.342694,1.338325
-18.983382,-6.296817,1.327678
-18.975455,-6.263135,1.321548
-18.964891,-6.208684,1.332943
-18.936924,-6.10419,1.327919
-18.915519,-6.024383,1.32488
-18.906536,-5.975414,1.321212
-18.88861,-5.925286,1.317842
-18.872515,-5.885079,1.321577
-18.837409,-5.812776,1.305865
-18.806275,-5.741955,1.293042
-18.780453,-5.669544,1.22683
-18.764912,-5.635774,1.162798
-18.741376,-5.588067,1.100483
-18.712866,-5.554978,1.09619
-18.656928,-5.484279,1.024939
-18.599392,-5.425081,0.982249
-18.561775,-5.393191,0.92046
-18.525054,-5.365885,0.919558
-18.485311,-5.335064,0.851731
-18.413218,-5.276839,0.778475
-18.333415,-5.223206,0.704685
-18.249303,-5.178146,0.637482
-18.186023,-5.154198,0.593067
-18.135569,-5.139538,0.594164
-18.088422,-5.121337,0.594503
-18.007907,-5.06944,0.5865
-17.934514,-5.026544,0.58373
-17.854494,-4.984071,0.578737
-17.811768,-4.954657,0.576431
-17.775559,-4.931985,0.575196
-17.739264,-4.908838,0.571508
-17.658512,-4.862851,0.562273
-17.579594,-4.817571,0.561188
-17.557162,-4.791299,0.551182
-17.530186,-4.767605,0.548187
-17.496271,-4.74555,0.54262
-17.428193,-4.701659,0.547097
-17.363996,-4.661712,0.538123
-17.291977,-4.619053,0.532158
-17.253607,-4.595265,0.504543
-17.216716,-4.579362,0.50511
-17.1731,-4.562296,0.467539
-17.082802,-4.533879,0.389803
-16.992779,-4.515979,0.316012
-16.922281,-4.515162,0.243164
-16.870155,-4.513056,0.249186
-16.81134,-4.513486,0.198046
-16.712312,-4.5065,0.199977
-16.622018,-4.495604,0.192923
-16.526761,-4.482568,0.190074
-16.439555,-4.47089,0.187094
-16.398662,-4.463499,0.178125
-16.359659,-4.462005,0.184011
-16.318348,-4.462357,0.168104
-16.241986,-4.446515,0.16514
-16.168248,-4.436235,0.157602
-16.076899,-4.423216,0.134242
-16.032609,-4.418497,0.125738
-15.994003,-4.412183,0.130883
-15.95892,-4.408105,0.133238
-15.885239,-4.398886,0.132603
-15.775241,-4.388456,0.120943
-15.671525,-4.377798,0.130625
-15.629112,-4.370848,0.128392
-15.612846,-4.366501,0.131055
-15.544754,-4.36269,0.112101
-15.443806,-4.351778,0.120427
-15.37003,-4.345082,0.121627
-15.297556,-4.344692,0.11059
-15.242829,-4.333827,0.115394
-15.198141,-4.332476,0.113165
-15.119293,-4.32333,0.121685
-15.012971,-4.309079,0.113453
-14.918837,-4.296187,0.12371
-14.852416,-4.29117,0.121845
-14.772915,-4.283135,0.115895
-14.714506,-4.269181,0.120954
-14.673675,-4.261775,0.117108
-14.598849,-4.248174,0.120368
-14.517162,-4.242647,0.113781
-14.43835,-4.2323,0.107773
-14.402788,-4.228504,0.112533
-14.378224,-4.222398,0.114681
-14.32225,-4.217748,0.109621
-14.233262,-4.205915,0.117526
-14.135506,-4.182143,0.166564
-14.068534,-4.166328,0.239192
-14.030205,-4.154252,0.244785
-13.994911,-4.13791,0.267957
-13.91302,-4.103023,0.341688
-13.833239,-4.061201,0.406718
-13.764509,-4.013274,0.471328
-13.704212,-3.960723,0.513246
-13.667256,-3.924854,0.580491
-13.642246,-3.892339,0.578151
-13.610549,-3.854481,0.647365
-13.549001,-3.778877,0.715334
-13.493081,-3.70771,0.750908
-13.431285,-3.633101,0.763631
-13.396038,-3.594546,0.747773
-13.364928,-3.556628,0.745757
-13.317454,-3.515667,0.756432
-13.24924,-3.446381,0.753797
-13.181737,-3.378738,0.752707
-13.136214,-3.338333,0.753583
-13.100879,-3.309427,0.75238
-13.067567,-3.279699,0.754705
-13.005133,-3.219451,0.756858
-12.939848,-3.154833,0.756975
-12.893976,-3.119951,0.757895
-12.872167,-3.090738,0.754214
-12.838571,-3.059454,0.761149
-12.780872,-2.996854,0.755089
-12.717451,-2.927263,0.766771
-12.654681,-2.859681,0.768946
-12.613728,-2.83008,0.77497
-12.583971,-2.800942,0.771795
-12.543429,-2.770091,0.78127
-12.487192,-2.71206,0.784044
-12.434454,-2.651245,0.791187
-12.399937,-2.610985,0.79928
-12.370243,-2.573826,0.793632
-12.346369,-2.541425,0.861716
-12.298019,-2.465757,0.937079
-12.265312,-2.387313,1.008782
-12.237069,-2.321493,1.042191
-12.222104,-2.277081,1.069168
-12.204574,-2.236924,1.060433
-12.182847,-2.186363,1.073156
-12.133937,-2.107223,1.085699
-12.09763,-2.028747,1.085445
-12.085918,-1.989455,1.102083
-12.066072,-1.946026,1.094616
-12.050885,-1.902544,1.110284
-12.013309,-1.813602,1.112659
-11.972238,-1.728405,1.121228
-11.944943,-1.686001,1.121805
-11.916893,-1.64596,1.114226
-11.899678,-1.608532,1.12952
-11.873725,-1.527061,1.13935
-11.838179,-1.448237,1.145154
-11.82322,-1.4044,1.150828
-11.80458,-1.36811,1.144083
-11.77261,-1.306963,1.162774
-11.741866,-1.226036,1.16867
-11.702653,-1.132623,1.178699
-11.660276,-1.043803,1.157183
-11.646107,-1.013474,1.122252
-11.608511,-0.968884,1.073649
-11.57508,-0.925685,1.031459
-11.495408,-0.850631,0.931996
-11.412015,-0.782525,0.83109
-11.318681,-0.728748,0.732862
-11.273249,-0.710673,0.678796
-11.244372,-0.697051,0.675247
-11.187469,-0.682774,0.585296
-11.089159,-0.658323,0.487143
-10.991114,-0.631475,0.410531
-10.898302,-0.597584,0.40161
-10.848365,-0.590386,0.400573
-10.818222,-0.585512,0.398908
-10.772193,-0.57365,0.40867
-10.689157,-0.5387,0.412019
-10.605044,-0.498535,0.414374
-10.576883,-0.483587,0.427117
-10.543917,-0.472678,0.424897
-10.511643,-0.448731,0.431232
-10.418362,-0.410689,0.439631
-10.348746,-0.379347,0.450352
-10.266992,-0.345319,0.453296
-10.222962,-0.322907,0.451524
-10.177292,-0.311887,0.44164
-10.115079,-0.293522,0.40367
-10.032299,-0.263158,0.398436
-9.93466,-0.2491,0.21338
-9.871621,-0.242557,0.211465
-9.802056,-0.25842,0.071957
-9.746653,-0.281927,0.033438
-9.742786,-0.299533,0.0062
-9.64907,-0.309467,0.002422
-9.57809,-0.315378,0.013792
-9.517499,-0.307125,0.01074
-9.458365,-0.313162,0.027877
-9.407391,-0.312418,0.027229
-9.379182,-0.312403,0.040678
-9.281168,-0.311238,0.05656
-9.208717,-0.303032,0.067698
-9.106672,-0.290727,0.076189
-9.055837,-0.291102,0.090906
-9.015554,-0.289083,0.090507
-8.975069,-0.282871,0.103065
-8.879207,-0.274473,0.124415
-8.774391,-0.253201,0.131803
-8.712571,-0.241767,0.131025
-8.658908,-0.224409,0.141376
-8.600043,-0.213273,0.138957
-8.501619,-0.197385,0.152244
-8.428796,-0.186508,0.149984
-8.365966,-0.172754,0.16824
-8.336972,-0.164566,0.181092
-8.308004,-0.15594,0.195338
-8.243815,-0.140485,0.205722
-8.158369,-0.114048,0.218335
-8.073593,-0.093362,0.215211
-8.018857,-0.069113,0.245562
-7.998121,-0.057482,0.243919
-7.925543,-0.042394,0.230989
-7.881394,-0.035568,0.203087
-7.780849,-0.032576,0.115353
-7.671081,-0.042891,0.024503
-7.585521,-0.047654,-0.015517
-7.511568,-0.058244,-0.000123
-7.465288,-0.069506,0.002012
-7.399641,-0.073842,0.011869
-7.292469,-0.073313,0.012549
-7.219938,-0.073626,0.040586
-7.128351,-0.067534,0.047737
-7.104489,-0.062812,0.046819
-7.063133,-0.051218,0.055302
-7.018474,-0.047627,0.061389
-6.921737,-0.040912,0.067495
-6.825755,-0.032046,0.078442
-6.725674,-0.024912,0.089401
-6.645147,-0.0236,0.097559
-6.583341,-0.01333,0.098003
-6.549049,0.001011,0.099928
-6.476634,0.010621,0.113267
-6.399352,0.021594,0.122161
-6.307177,0.033333,0.126613
-6.286814,0.036115,0.127503
-6.250337,0.039281,0.126887
-6.21408,0.04828,0.128881
-6.118039,0.062046,0.141265
-6.014696,0.067733,0.094285
-5.927394,0.055848,0.000649
-5.848582,0.047601,-0.054156
-5.78688,0.039311,-0.052413
-5.737883,0.020494,-0.14904
-5.659033,-0.017151,-0.220221
-5.573099,-0.040585,-0.230574
-5.506925,-0.068597,-0.231368
-5.459051,-0.087096,-0.224142
-5.413156,-0.097118,-0.223
-5.383142,-0.108614,-0.216703
-5.292757,-0.132447,-0.203343
-5.1987,-0.14895,-0.194786
-5.14017,-0.156654,-0.186399
-5.097914,-0.16372,-0.185023
-5.075679,-0.168993,-0.17817
-5.009957,-0.189747,-0.168072
-4.913809,-0.20355,-0.161371
-4.844229,-0.214065,-0.161458
-4.787437,-0.215292,-0.156406
-4.738505,-0.217108,-0.156349
-4.696534,-0.223257,-0.149759
-4.615027,-0.230855,-0.137874
-4.510729,-0.238906,-0.13014
-4.467387,-0.241536,-0.125171
-4.437954,-0.247819,-0.122214
-4.39596,-0.244933,-0.060381
-4.290741,-0.234236,0.014994
-4.221567,-0.21733,0.092189
-4.133972,-0.198663,0.126483
-4.104888,-0.182429,0.207863
-4.045834,-0.167548,0.205261
-3.997731,-0.152269,0.228649
-3.893786,-0.118114,0.234087
-3.822529,-0.092136,0.24222
-3.736923,-0.060184,0.254759
-3.690942,-0.035479,0.261599
-3.660106,-0.028356,0.27413
-3.634047,-0.013833,0.271949
-3.568016,0.00597,0.282628
-3.480767,0.034784,0.291696
-3.40526,0.063286,0.301324
-3.315148,0.092695,0.30051
-3.230566,0.105509,0.317312
-3.175337,0.11689,0.314404
-3.138151,0.131254,0.272337
-3.051653,0.144857,0.185195
-2.960393,0.144641,0.095803
-2.931989,0.136443,0.043235
-2.863576,0.118275,0.008145
-2.81495,0.105391,-0.045044
-2.693662,0.080049,-0.133482
-2.582997,0.042394,-0.220249
-2.472295,0.003816,-0.288721
-2.395207,-0.014894,-0.284257
-2.354576,-0.036654,-0.287598
-2.311658,-0.052405,-0.285576
-2.235523,-0.076026,-0.271843
-2.159666,-0.098989,-0.255941
-2.088396,-0.123181,-0.23912
-2.044378,-0.129999,-0.238488
-1.992817,-0.135348,-0.228
-1.969886,-0.143626,-0.215133
-1.86842,-0.170986,-0.194437
-1.799163,-0.186128,-0.191703
-1.7245,-0.190438,-0.182478
-1.695567,-0.19363,-0.171039
-1.659986,-0.191695,-0.101975
-1.632254,-0.192329,-0.101614
-1.562142,-0.188864,-0.017633
-1.484018,-0.180457,0.016685
-1.433001,-0.162384,0.100002
-1.386481,-0.139989,0.187353
-1.364182,-0.112605,0.182739
-1.259545,-0.081421,0.267665
-1.161806,-0.049797,0.287209
-1.134578,-0.0224,0.306416
-1.104129,-0.000279,0.303098
-1.026084,0.013368,0.321997
-0.965309,0.04956,0.314335
-0.878982,0.082492,0.321454
-0.810412,0.115791,0.335369
-0.733016,0.142095,0.339017
-0.599223,0.169304,0.354823
-0.548035,0.183444,0.317053
-0.547122,0.191167,0.23236
-0.491086,0.191393,0.232429
-0.415023,0.196221,0.140342
-0.297332,0.19483,0.091418
-0.208246,0.182398,0.004263
-0.132374,0.16275,-0.077844
-0.090207,0.139466,-0.171442
-0.049862,0.119957,-0.169702
0.033525,0.087768,-0.254495
0.079724,0.054777,-0.295301
0.110576,0.023673,-0.426176
0.093871,0.005769,-0.424083
0.101885,-0.010463,-0.423067
0.115778,-0.022163,-0.422228
0.130327,-0.022322,-0.423105
0.127439,-0.03194,-0.425089
0.106136,-0.035487,-0.425609
0.093682,-0.036195,-0.427917
0.087591,-0.041597,-0.429601
0.068627,-0.042334,-0.429745
0.081216,-0.041697,-0.430057
0.083893,-0.04555,-0.432921
0.085323,-0.046463,-0.432651
0.084766,-0.048638,-0.436599
0.086958,-0.048837,-0.436548
0.102013,-0.056769,-0.436422
0.097695,-0.057205,-0.437804
0.089935,-0.059251,-0.440334
0.090493,-0.062735,-0.442383
0.101024,-0.063879,-0.441918
0.124903,-0.068533,-0.441684
0.129929,-0.066068,-0.441491
0.14263,-0.070086,-0.443622
0.161135,-0.070761,-0.44771
0.162596,-0.071372,-0.449098
0.167094,-0.070707,-0.448806
0.192332,-0.072557,-0.448057
0.195732,-0.073432,-0.449733
0.177772,-0.073456,-0.456149
0.18166,-0.071804,-0.460473
0.170285,-0.075404,-0.459789
0.171717,-0.07406,-0.46298
0.177462,-0.076014,-0.463099
0.177543,-0.075563,-0.462933
0.180071,-0.0801,-0.464985
0.178774,-0.083039,-0.467149
0.188987,-0.087613,-0.467986
0.209302,-0.091726,-0.468225
0.21208,-0.086413,-0.468818
0.227525,-0.091007,-0.472012
0.226712,-0.089609,-0.473318
0.224949,-0.092085,-0.476833
0.215391,-0.089447,-0.476561
0.210328,-0.090358,-0.478316
0.214161,-0.093377,-0.478855
0.213299,-0.092716,-0.483623
0.240307,-0.092795,-0.483637
