0.858944,-0.019069,0.004601
1.769734,-0.292211,0.010323
1.739544,-0.29887,0.011149
1.754006,-0.298805,0.011522
1.768749,-0.299185,0.011781
1.749296,-0.300977,0.012703
1.690802,-0.298782,0.011479
1.728358,-0.291902,0.009867
1.723533,-0.289627,0.010966
1.73052,-0.286302,0.007519
1.752467,-0.289848,0.009434
1.787435,-0.291375,0.009584
1.814299,-0.293562,0.012493
1.844464,-0.293765,0.011467
1.84105,-0.294878,0.010595
1.860638,-0.293675,0.010219
1.881074,-0.296344,0.011797
1.871394,-0.294704,0.011353
1.886512,-0.295806,0.01127
1.891246,-0.293254,0.010532
1.897811,-0.292838,0.011938
1.878195,-0.296411,0.009834
1.964136,-0.294546,0.010358
1.997406,-0.296469,0.011155
2.047983,-0.297856,0.012317
1.967017,-0.294246,0.010259
1.977268,-0.295898,0.010485
1.965463,-0.297146,0.011028
1.901644,-0.296855,0.010836
1.899417,-0.295842,0.010026
1.956447,-0.296071,0.01236
1.959977,-0.296051,0.011498
1.961138,-0.293431,0.011078
1.945491,-0.288872,0.010522
1.940921,-0.290601,0.010689
1.946483,-0.289766,0.009679
1.987487,-0.291581,0.010543
1.944143,-0.296904,0.010545
1.955757,-0.290795,0.009667
1.960674,-0.294182,0.011489
1.920086,-0.298139,0.012124
1.916904,-0.298374,0.011787
1.88463,-0.297341,0.012549
1.944654,-0.297127,0.011743
1.903149,-0.296694,0.011965
1.912288,-0.294924,0.011947
1.966184,-0.293603,0.011479
1.910771,-0.291644,0.00912
1.880674,-0.294254,0.011077
1.917458,-0.293649,0.010154
1.921482,-0.291351,0.00926
1.921214,-0.284932,0.009164
1.879928,-0.288768,0.008912
1.825289,-0.288151,0.00975
1.797218,-0.285803,0.008441
1.759106,-0.288274,0.009745
1.852069,-0.292691,0.010773
1.847743,-0.294673,0.011371
1.808252,-0.294916,0.011974
1.840694,-0.295171,0.01222
1.84776,-0.301139,0.012452
1.816039,-0.296085,0.011575
1.859083,-0.294081,0.010362
1.88293,-0.292039,0.00989
1.905934,-0.294778,0.011127
1.914371,-0.294566,0.010457
1.924633,-0.294245,0.011102
1.940887,-0.292704,0.011831
1.939988,-0.299847,0.012731
1.947322,-0.301848,0.013161
1.956703,-0.298797,0.012031
1.996536,-0.300874,0.012793
1.97916,-0.298186,0.010492
1.970733,-0.295868,0.011942
2.034142,-0.294235,0.010966
2.029961,-0.296171,0.011354
2.032259,-0.292577,0.00949
2.03597,-0.291269,0.009857
2.053773,-0.291437,0.010199
2.064176,-0.290227,0.009887
2.053125,-0.298525,0.011962
2.067899,-0.298058,0.012335
2.077674,-0.299524,0.013288
2.121167,-0.295659,0.011948
2.091674,-0.293252,0.01133
2.111523,-0.290611,0.010835
2.124241,-0.292973,0.010842
2.075915,-0.294475,0.011123
2.040621,-0.293439,0.011145
2.035197,-0.294367,0.011966
2.067237,-0.295516,0.011179
2.061017,-0.297776,0.012277
2.043488,-0.297476,0.011971
2.047091,-0.295456,0.010814
2.063981,-0.295731,0.011447
2.020727,-0.299462,0.011765
1.9955,-0.298726,0.011705
1.943779,-0.298817,0.012781
1.941739,-0.298112,0.012766
1.943749,-0.300205,0.013175
1.975515,-0.300012,0.011657
1.988918,-0.297988,0.010443
1.981618,-0.294039,0.010604
2.024702,-0.293939,0.010501
2.048348,-0.28968,0.009809
2.059139,-0.289915,0.009669
2.08824,-0.29136,0.009428
2.055477,-0.292748,0.011368
2.04189,-0.288467,0.010069
1.995959,-0.290014,0.01124
1.956832,-0.292991,0.010653
1.948093,-0.292471,0.010686
1.969802,-0.292821,0.011095
1.995322,-0.290894,0.007985
2.038631,-0.292686,0.009281
2.05192,-0.289907,0.009362
2.036816,-0.290735,0.008746
2.001973,-0.290483,0.009223
1.992464,-0.286872,0.009431
1.982067,-0.291072,0.009871
1.966038,-0.293656,0.01104
1.983981,-0.291304,0.009829
1.990629,-0.291401,0.009313
1.987588,-0.290667,0.009765
2.052119,-0.290424,0.01164
2.069938,-0.295095,0.010271
2.088578,-0.297376,0.012239
2.098384,-0.293351,0.010688
2.066208,-0.292142,0.009731
2.041308,-0.292052,0.010487
2.020846,-0.287544,0.009195
2.027652,-0.286114,0.010032
1.999923,-0.283745,0.007532
2.011201,-0.283419,0.007313
2.010264,-0.283512,0.007861
2.077233,-0.283555,0.009122
2.076473,-0.285754,0.008776
2.081871,-0.282355,0.008888
2.101382,-0.279955,0.00814
2.102295,-0.27678,0.007388
2.103478,-0.276557,0.008491
2.098192,-0.278604,0.007073
2.153727,-0.280543,0.009171
2.19331,-0.279553,0.008182
2.228732,-0.283397,0.008563
2.210743,-0.282641,0.009453
2.273385,-0.281906,0.008599
2.287511,-0.280137,0.008179
2.321513,-0.285656,0.008214
2.328897,-0.282352,0.009801
2.336453,-0.278963,0.008603
2.374377,-0.279761,0.008426
2.376175,-0.282571,0.008736
2.418901,-0.283129,0.011082
2.453605,-0.287176,0.010529
2.48581,-0.289495,0.01152
2.496277,-0.28773,0.009648
2.512041,-0.287247,0.009817
2.537959,-0.294028,0.010643
2.566046,-0.294389,0.012388
2.614328,-0.29506,0.013448
2.641853,-0.292852,0.012415
2.655879,-0.294197,0.011558
2.655861,-0.292741,0.012875
2.66746,-0.288999,0.010586
2.707615,-0.285506,0.011407
2.737033,-0.283455,0.01011
2.751604,-0.283199,0.009898
2.754545,-0.286386,0.010891
2.751693,-0.284938,0.012155
2.752778,-0.284341,0.011644
2.798456,-0.281943,0.010325
2.80171,-0.282649,0.01059
2.772301,-0.286255,0.011511
2.789345,-0.293311,0.013532
2.813364,-0.296927,0.013749
2.850907,-0.294777,0.013533
2.873557,-0.295817,0.013467
2.860889,-0.294024,0.012957
2.883383,-0.287297,0.012064
2.909159,-0.285334,0.013987
2.941847,-0.281713,0.012804
2.943775,-0.289143,0.016864
2.925169,-0.292864,0.016876
2.931003,-0.291621,0.016531
2.953792,-0.289446,0.016782
2.981004,-0.291046,0.016801
3.018772,-0.290549,0.01644
3.060655,-0.287801,0.015809
3.057046,-0.287878,0.015804
3.098555,-0.289055,0.016489
3.10765,-0.288946,0.016606
3.146371,-0.291813,0.016816
3.171341,-0.290027,0.017349
3.17573,-0.291253,0.017177
3.178089,-0.289476,0.016389
3.203184,-0.287998,0.016633
3.285364,-0.280019,0.00789
3.362077,-0.280868,0.006277
3.435489,-0.279378,0.006699
3.454872,-0.278219,0.007078
3.486857,-0.275312,0.006703
3.512924,-0.271727,0.006906
3.559073,-0.269687,0.004794
3.604469,-0.268959,0.005604
3.664893,-0.272017,0.007488
3.724958,-0.272527,0.00776
3.737964,-0.27505,0.007595
3.757994,-0.275691,0.008147
3.782268,-0.273189,0.007309
3.823158,-0.272069,0.008088
3.864313,-0.270924,0.007182
3.906467,-0.275218,0.006895
3.930845,-0.274367,0.00863
3.948798,-0.272546,0.007908
3.954496,-0.271731,0.008253
4.034804,-0.278208,0.020608
4.125733,-0.2799,0.021035
4.191436,-0.283874,0.021405
4.231719,-0.285218,0.021984
4.278557,-0.286544,0.022092
4.313038,-0.288172,0.023758
4.353306,-0.287981,0.021597
4.396723,-0.288403,0.020952
4.421242,-0.285762,0.021487
4.445113,-0.284798,0.020324
4.476566,-0.282089,0.019422
4.527826,-0.27672,0.017996
4.579938,-0.276739,0.018419
4.614635,-0.272708,0.017152
4.639108,-0.271933,0.01537
4.671102,-0.272355,0.015634
4.684271,-0.275583,0.015616
4.731173,-0.278659,0.017052
4.762556,-0.276959,0.016038
4.793784,-0.277431,0.017659
4.803138,-0.276183,0.017953
4.816575,-0.273422,0.015939
4.860343,-0.273904,0.015639
4.906069,-0.273568,0.015765
4.926538,-0.274949,0.016407
4.942511,-0.275499,0.017589
4.9704,-0.271756,0.01495
5.00693,-0.265931,0.01484
5.044865,-0.265901,0.014488
5.079202,-0.264843,0.013103
5.094741,-0.266284,0.01507
5.112538,-0.263857,0.013617
5.127502,-0.263838,0.013882
5.202644,-0.265214,-0.000921
5.270025,-0.265655,0.001951
5.344371,-0.265174,0.002796
5.398332,-0.263968,0.003409
5.42196,-0.269244,0.0037
5.444554,-0.269046,0.004275
5.471663,-0.272311,0.005714
5.505983,-0.26998,0.007001
5.539918,-0.268881,0.006147
5.573097,-0.264786,0.004966
5.598576,-0.266211,0.005561
5.597605,-0.263432,0.005369
5.614923,-0.262721,0.004086
5.700305,-0.257846,0.018486
5.78815,-0.255803,0.018955
5.858897,-0.257985,0.01825
5.904393,-0.252208,0.018178
5.930411,-0.252843,0.018998
5.951545,-0.254344,0.018192
5.967088,-0.254126,0.018766
6.000075,-0.252074,0.017833
6.034165,-0.253751,0.019213
6.070896,-0.255319,0.020527
6.08355,-0.254373,0.019595
6.082031,-0.254211,0.019384
6.094371,-0.256976,0.019315
6.187355,-0.264111,0.008581
6.259008,-0.262142,0.010663
6.323204,-0.260788,0.010539
6.37055,-0.261667,0.009605
6.398743,-0.261341,0.009936
6.424869,-0.261372,0.011855
6.439946,-0.26707,0.012637
6.468147,-0.271205,0.014019
6.497967,-0.274682,0.014516
6.578909,-0.264436,0.02905
6.642351,-0.253886,0.024796
6.665218,-0.250523,0.021302
6.686762,-0.248224,0.020819
6.706326,-0.245835,0.020356
6.801788,-0.250047,0.008018
6.875165,-0.255937,0.010082
6.916211,-0.257549,0.009189
6.937795,-0.257818,0.010412
6.953304,-0.25949,0.012062
6.961338,-0.262096,0.012231
6.986114,-0.262254,0.012201
7.057763,-0.250599,0.021781
7.114174,-0.238867,0.016005
7.129104,-0.22775,0.011582
7.19929,-0.236428,0.004098
7.247383,-0.24489,0.007068
7.287874,-0.248687,0.008688
7.323404,-0.250775,0.009959
7.328994,-0.252872,0.010342
7.328071,-0.252837,0.011021
7.382819,-0.241073,0.017171
7.433917,-0.234469,0.015192
7.513211,-0.244826,0.008233
7.561694,-0.250276,0.009962
7.577159,-0.253787,0.01054
7.578928,-0.255803,0.010671
7.588243,-0.250572,0.010833
7.651397,-0.231325,0.013079
7.735835,-0.239762,0.00752
7.782388,-0.247718,0.009234
7.794963,-0.249674,0.010323
7.796416,-0.248406,0.010408
7.838903,-0.234415,0.014395
7.913803,-0.235376,0.006025
7.956093,-0.240799,0.006179
7.965025,-0.24311,0.007753
7.968103,-0.245567,0.01033
8.011203,-0.235991,0.013915
8.074166,-0.239431,0.005639
8.103839,-0.245074,0.007422
8.153917,-0.239688,0.01287
8.195535,-0.246196,0.010278
8.209072,-0.250168,0.009325
8.244541,-0.231301,0.012413
8.307317,-0.237304,0.005829
8.334589,-0.241009,0.008665
8.364989,-0.238116,0.011812
8.37792,-0.235498,0.010593
8.410965,-0.239341,0.007343
8.459386,-0.232164,0.011113
8.509054,-0.23797,0.00836
8.546584,-0.232763,0.009415
8.587093,-0.244814,0.007798
8.619875,-0.245384,0.011604
8.626278,-0.24321,0.010619
8.680293,-0.237835,0.010031
8.751267,-0.241684,0.011131
8.770882,-0.239732,0.010166
8.826116,-0.240636,0.010524
8.841131,-0.238742,0.008142
8.846757,-0.246676,0.008848
8.894525,-0.242903,0.007082
8.97164,-0.242361,0.011033
9.002917,-0.240365,0.009917
9.018582,-0.230957,0.007713
9.028267,-0.227015,0.007574
9.064885,-0.221389,0.004604
9.122372,-0.218199,0.006436
9.155574,-0.221449,0.008234
9.203477,-0.229058,0.009395
9.241355,-0.229563,0.019152
9.242769,-0.223256,0.01932
9.28739,-0.211836,0.068503
9.346463,-0.196111,0.115907
9.378147,-0.184933,0.133816
9.41308,-0.166181,0.180038
9.426406,-0.15255,0.181172
9.457483,-0.133122,0.228585
9.494132,-0.114855,0.272945
9.527277,-0.089765,0.308714
9.566184,-0.047943,0.353035
9.59263,-0.036446,0.399989
9.596369,-0.020093,0.399809
9.629227,0.007191,0.448574
9.676223,0.051738,0.497675
9.717302,0.095933,0.548299
9.741947,0.124666,0.560532
9.748247,0.144074,0.559529
9.744551,0.152793,0.5595
9.770766,0.184223,0.604658
9.797768,0.223939,0.650217
9.818855,0.260391,0.703615
9.834412,0.29378,0.748926
9.864052,0.336134,0.797619
9.876799,0.370588,0.830372
9.883499,0.403056,0.830452
9.888605,0.440364,0.877631
9.905746,0.472489,0.925721
9.922396,0.514694,0.974888
9.922519,0.538505,0.974164
9.935413,0.593544,1.021659
9.955629,0.64992,1.070121
9.958403,0.696541,1.090367
9.95071,0.729352,1.137252
9.953305,0.746206,1.1391
9.958113,0.782156,1.18957
9.949174,0.83542,1.238989
9.952937,0.893746,1.284807
9.942039,0.931616,1.343424
9.931665,0.952399,1.342426
9.92181,0.97673,1.372315
9.93587,1.007964,1.429541
9.925644,1.051939,1.48251
9.912755,1.096156,1.535971
9.892268,1.125794,1.587164
9.891228,1.148117,1.586518
9.882579,1.171784,1.609769
9.858247,1.222407,1.658263
9.840681,1.285779,1.667195
9.844287,1.318994,1.667673
9.843985,1.336038,1.666272
9.82909,1.368157,1.660005
9.8345,1.416319,1.654904
9.820925,1.467856,1.649668
9.82674,1.517001,1.650517
9.829436,1.53986,1.649767
9.830399,1.54684,1.649914
9.817264,1.581383,1.650991
9.798982,1.634208,1.648956
9.791545,1.686002,1.646867
9.786429,1.73445,1.644343
9.791269,1.760761,1.64436
9.786114,1.782215,1.641522
9.782908,1.802638,1.635762
9.772928,1.844664,1.631788
9.784505,1.909499,1.627281
9.790137,1.956715,1.625225
9.790272,1.981004,1.6408
9.78136,1.999601,1.638107
9.781885,2.030177,1.637473
9.770194,2.084013,1.60273
9.791845,2.14383,1.574259
9.792351,2.176396,1.521985
9.782525,2.197311,1.51921
9.803764,2.21608,1.498161
9.821525,2.256558,1.458661
9.858776,2.307691,1.430432
9.879171,2.348618,1.40373
9.887351,2.375827,1.407465
9.882183,2.398122,1.405789
9.893798,2.425192,1.406905
9.891331,2.467558,1.401651
9.903975,2.514121,1.402974
9.920718,2.569584,1.396027
9.928683,2.589284,1.38951
9.924163,2.609095,1.390063
9.93214,2.636572,1.412352
9.92197,2.694601,1.473122
9.923238,2.753899,1.526691
9.91487,2.80071,1.555706
9.891502,2.852859,1.599428
9.872721,2.879607,1.65063
9.855233,2.904912,1.716816
9.815101,2.938336,1.72703
9.797082,2.983641,1.780411
9.792415,3.023113,1.779599
9.783072,3.064618,1.774305
9.78443,3.095777,1.761197
9.779455,3.127417,1.759567
9.766672,3.14456,1.777088
9.758729,3.212739,1.760956
9.756294,3.280475,1.760705
9.75042,3.340822,1.760477
9.745448,3.360953,1.748371
9.741476,3.392333,1.755904
9.720064,3.424457,1.726818
9.709345,3.470175,1.722368
9.715694,3.526881,1.682946
9.728291,3.547091,1.679576
9.724404,3.561745,1.639914
9.722673,3.57431,1.64058
9.730893,3.626983,1.577449
9.752292,3.670813,1.540367
9.759469,3.711184,1.543874
9.776374,3.726675,1.540231
9.780263,3.747989,1.547803
9.781105,3.780782,1.515149
9.79164,3.844801,1.514898
9.800457,3.900873,1.517174
9.797644,3.931337,1.519005
9.795473,3.953095,1.514978
9.797376,3.97433,1.518007
9.804372,4.026883,1.520007
9.801458,4.067794,1.514161
9.81637,4.122262,1.501933
9.823063,4.147171,1.493019
9.822567,4.16631,1.494251
9.813889,4.196607,1.470135
9.816797,4.24922,1.469478
9.83005,4.306838,1.465052
9.830933,4.339316,1.470257
9.839254,4.370623,1.465713
9.840288,4.398222,1.470286
9.84211,4.445595,1.466928
9.846584,4.489668,1.46381
9.864609,4.54193,1.46075
9.878189,4.586706,1.46138
9.881785,4.61132,1.440813
9.880298,4.629837,1.440381
9.886873,4.650881,1.472618
9.878174,4.703161,1.521449
9.865201,4.756843,1.576303
9.856967,4.783084,1.589737
9.849361,4.8117,1.588596
9.837226,4.827232,1.649801
9.808688,4.878546,1.70342
9.795532,4.927865,1.712584
9.790531,4.977893,1.711282
9.777805,5.022416,1.679112
9.762489,5.047174,1.671407
9.756981,5.071946,1.668798
9.755673,5.101798,1.665001
9.752105,5.149712,1.66439
9.741123,5.195865,1.664308
9.739005,5.220755,1.667136
9.735572,5.243517,1.667603
9.734367,5.265596,1.659975
9.732096,5.309933,1.659677
9.731155,5.360894,1.656145
9.727949,5.414497,1.623527
9.726677,5.442499,1.620785
9.724072,5.466546,1.621415
9.729543,5.492432,1.622998
9.727847,5.539677,1.624065
9.732513,5.591919,1.62462
9.725552,5.616461,1.624449
9.724716,5.63331,1.62574
9.724141,5.657546,1.624717
9.724652,5.702993,1.622883
9.727432,5.760355,1.594472
9.733542,5.809956,1.59393
9.733222,5.855575,1.594255
9.73772,5.878769,1.590176
9.736909,5.902943,1.593659
9.73206,5.924968,1.59012
9.735879,5.980076,1.557235
9.741968,6.030895,1.566368
9.746833,6.085433,1.569669
9.743269,6.112732,1.563008
9.740437,6.134799,1.563263
9.742964,6.159584,1.56353
9.746663,6.217864,1.535129
9.74735,6.267311,1.529133
9.751328,6.312082,1.53414
9.759664,6.34345,1.501076
9.765209,6.368567,1.506129
9.768655,6.395164,1.50532
9.770972,6.447952,1.508925
9.772655,6.495511,1.524614
9.782017,6.546971,1.492093
9.789013,6.574185,1.495511
9.7898,6.592324,1.50069
9.787987,6.613421,1.49816
9.796549,6.66814,1.471116
9.804427,6.71164,1.4795
9.811952,6.758423,1.490799
9.821593,6.788989,1.463032
9.831323,6.813295,1.47255
9.835494,6.840363,1.473254
9.84439,6.897164,1.453332
9.849482,6.945853,1.461481
9.847549,6.98598,1.469273
9.851166,7.017915,1.443248
9.859206,7.039083,1.451907
9.861699,7.060154,1.451678
9.872708,7.11249,1.433312
9.878506,7.161381,1.443957
9.888712,7.207196,1.42442
9.896254,7.228551,1.425836
9.894861,7.242778,1.432456
9.902262,7.271469,1.407289
9.903957,7.319868,1.432313
9.90295,7.364324,1.468292
9.894136,7.412462,1.514032
9.881468,7.44965,1.558352
9.874282,7.476222,1.568059
9.869037,7.513399,1.618683
9.836865,7.551882,1.673149
9.809136,7.589115,1.72263
9.795172,7.611022,1.755935
9.783606,7.625425,1.761585
9.762555,7.656689,1.81315
9.727295,7.69311,1.868809
9.696044,7.732587,1.921025
9.657146,7.771581,1.974557
9.634483,7.78732,1.994542
9.619956,7.795359,1.995886
9.596305,7.80984,2.00168
9.570449,7.868733,1.998795
9.562708,7.926498,1.997654
9.545808,7.956424,1.986706
9.536796,7.982368,1.994184
9.535813,8.001595,1.984311
9.51142,8.046069,1.979037
9.499909,8.090947,1.978121
9.494246,8.11463,1.984299
9.458298,8.1429,1.977075
9.443115,8.163143,1.980773
9.414717,8.205873,1.978495
9.399079,8.252291,1.973915
9.37031,8.296245,1.97053
9.371411,8.321973,1.961459
9.373648,8.339953,1.966276
9.357428,8.362483,1.979849
9.339201,8.391225,1.985182
9.310841,8.426532,2.041279
9.2799,8.450984,2.099069
9.247664,8.469832,2.143881
9.218084,8.48712,2.147726
9.166482,8.514338,2.20001
9.14538,8.538716,2.2202
9.107736,8.558821,2.269648
9.070059,8.56698,2.320696
9.038672,8.583129,2.373723
9.004181,8.593756,2.375231
8.950949,8.614133,2.430835
8.89803,8.632487,2.46923
8.862402,8.636584,2.519817
8.82454,8.641389,2.574211
8.79112,8.646573,2.576671
8.786333,8.660362,2.629204
8.777737,8.672811,2.649866
8.68955,8.674613,2.702054
8.682183,8.666868,2.788755
8.658935,8.667877,2.808097
8.637393,8.661432,2.842533
8.580056,8.666716,2.901861
8.52929,8.657656,2.955079
8.475837,8.655934,2.975085
8.469,8.654795,2.985446
8.472045,8.65265,2.984042
8.405414,8.649997,2.984729
8.347939,8.655938,2.981986
8.286297,8.66591,2.979733
8.259218,8.672004,2.981184
8.230201,8.669251,2.970255
8.20752,8.668844,2.959247
8.136258,8.677201,2.955614
8.08355,8.690607,2.952172
8.024166,8.702745,2.949613
7.990412,8.709903,2.95358
7.972004,8.716267,2.942525
7.971944,8.71984,2.951118
7.929386,8.729808,2.94964
7.865696,8.74294,2.947039
7.863871,8.749464,2.940852
7.820184,8.74894,2.946512
7.816433,8.751018,2.947081
7.785424,8.762705,2.935902
7.77135,8.770029,2.933792
7.728521,8.779001,2.959653
7.727456,8.786585,2.98773
7.707379,8.786297,2.988501
7.690813,8.782703,3.021557
7.636418,8.779294,3.062178
7.570153,8.775158,3.07747
7.505589,8.771893,3.074997
7.480314,8.779022,3.07487
7.456038,8.774252,3.075302
7.467443,8.770673,3.075074
7.381403,8.780516,3.073425
7.332484,8.790331,3.075487
7.300821,8.792758,3.074763
7.264323,8.784625,3.077731
7.243801,8.789875,3.07189
7.188387,8.78528,3.077287
7.141743,8.782822,3.07545
7.101336,8.785196,3.076104
7.047163,8.78997,3.077206
7.037489,8.79641,3.07684
6.992037,8.797069,3.079904
6.99257,8.802986,3.07546
6.924977,8.81097,3.07728
6.85719,8.815974,3.077109
6.809877,8.823608,3.078121
6.791888,8.827226,3.07885
6.747,8.824326,3.08394
6.705323,8.820952,3.082887
6.663011,8.818603,3.079206
6.626223,8.815159,3.079705
6.617869,8.821261,3.073425
6.599856,8.823654,3.074309
6.546472,8.829916,3.074447
6.480319,8.834732,3.075711
6.430471,8.844075,3.081022
6.381664,8.857375,3.082458
6.36691,8.850314,3.085606
6.32132,8.848787,3.085891
6.269169,8.844872,3.085628
6.230583,8.838775,3.084039
6.210242,8.823381,-3.114624
6.14605,8.8139,-3.104816
6.139363,8.807703,-3.074354
6.132198,8.799405,-3.075495
6.12161,8.778633,-3.017958
6.068109,8.7595,-3.021813
6.102588,8.74626,-2.947613
6.069831,8.74037,-2.934954
6.078484,8.724087,-2.930372
6.069076,8.713753,-2.931891
6.035153,8.69652,-2.921321
6.002313,8.680871,-2.91844
6.00001,8.667316,-2.920391
6.014682,8.657704,-2.920524
6.000917,8.64222,-2.923149
5.932842,8.634523,-2.916448
5.887388,8.623485,-2.927063
5.852556,8.621716,-2.925192
5.831121,8.618273,-2.968926
5.813979,8.617663,-2.968969
5.811049,8.624019,-3.018147
5.754947,8.62833,-3.059775
5.712568,8.634229,-3.1001
5.670899,8.64257,-3.098038
5.642886,8.652981,3.115343
5.625294,8.664583,3.104097
5.592495,8.672328,3.075809
5.525192,8.688686,3.059913
5.442671,8.701101,3.064964
5.369883,8.717648,3.067461
5.353005,8.720966,3.069583
5.333703,8.734265,3.068186
5.316055,8.734777,3.070723
5.271693,8.73765,3.070782
5.231482,8.739338,3.071166
5.217084,8.74024,3.070946
5.197303,8.74544,3.06371
5.188299,8.74745,3.063361
5.135966,8.751747,3.068379
5.075206,8.757118,3.068611
5.012667,8.760911,3.069279
4.981874,8.759573,3.06743
4.935105,8.766999,3.06767
4.934844,8.769545,3.069793
4.867748,8.772025,3.072106
4.815029,8.782431,3.074764
4.769101,8.790237,3.075044
4.726335,8.791549,3.063312
4.731401,8.796952,3.076262
4.737555,8.793852,3.063911
4.666869,8.789079,3.058782
4.594096,8.787899,3.056976
4.540738,8.792897,3.058518
4.53522,8.792578,3.070691
4.523752,8.802469,3.072037
4.473079,8.800823,3.070314
4.411969,8.803811,3.070976
4.35116,8.800733,3.109627
4.34719,8.792796,3.122082
4.321557,8.778905,-3.128082
4.304866,8.767002,-3.131438
4.268685,8.763316,-3.084944
4.235,8.7399,-3.053354
4.191188,8.733661,-3.052771
4.122479,8.728679,-3.044556
4.109146,8.723284,-3.043756
4.065362,8.723002,-3.044495
4.057706,8.71422,-3.04499
3.997419,8.702333,-3.046336
3.945567,8.696761,-3.042393
3.943995,8.689603,-3.051661
3.905082,8.684837,-3.050031
3.885623,8.68687,-3.049204
3.832321,8.684508,-3.044891
3.82434,8.680374,-3.045251
3.808958,8.681843,-3.034813
3.806699,8.667251,-3.036199
3.816922,8.662738,-3.065125
3.79972,8.661628,-3.065987
3.75092,8.661372,-3.095421
3.658885,8.667591,-3.139668
3.62001,8.670359,3.140738
3.633317,8.669985,3.13879
3.662763,8.670142,3.140646
3.640963,8.674228,-3.137247
3.548442,8.676675,-3.135248
3.504349,8.67628,-3.13698
3.465324,8.679585,-3.123491
3.4592,8.684635,-3.120433
3.438661,8.682452,-3.121339
3.361942,8.686318,-3.121324
3.270819,8.68441,-3.117871
3.220481,8.684111,-3.128657
3.257918,8.683596,-3.128548
3.275826,8.684804,-3.127842
3.178015,8.685459,-3.127004
3.160103,8.684635,-3.126674
3.144154,8.682731,-3.120236
3.098889,8.681628,-3.120643
3.13928,8.677416,-3.121152
3.144832,8.678726,-3.120544
3.112831,8.676419,-3.121229
3.110922,8.675576,-3.129867
3.035406,8.678783,-3.127762
3.040593,8.684017,-3.127489
2.879771,8.685368,-3.125817
2.878424,8.682718,-3.126418
2.761004,8.681278,-3.124173
2.721956,8.677495,-3.115981
2.69438,8.674588,-3.117091
2.668374,8.672178,-3.114198
2.657183,8.671023,-3.113945
2.647348,8.669223,-3.114834
2.592388,8.666588,-3.110644
2.49088,8.665651,-3.118326
2.447215,8.668136,-3.113846
2.443254,8.671781,-3.113366
2.446456,8.670956,-3.110318
2.44287,8.666564,-3.110285
2.448555,8.659062,-3.100925
2.38111,8.654329,-3.098758
2.385261,8.647384,-3.095315
2.324386,8.650065,-3.092281
2.264128,8.654561,-3.089783
2.258857,8.652072,-3.096832
2.199604,8.64485,-3.093981
2.210793,8.644638,-3.089836
2.125444,8.638621,-3.087067
2.066931,8.636842,-3.08055
1.983616,8.633634,-3.080682
2.01869,8.635193,-3.075472
1.820414,8.636073,-3.069142
1.698428,8.627573,-3.064323
1.668758,8.611604,-3.068545
1.555178,8.603208,-3.063442
1.584485,8.594471,-3.064711
1.551616,8.594575,-3.059297
1.504962,8.587473,-3.056828
1.513643,8.586222,-3.064943
1.456793,8.584149,-3.057948
1.421656,8.580247,-3.055754
1.445632,8.584713,-3.054963
1.544073,8.582705,-3.050446
1.500527,8.578923,-3.089151
1.482619,8.587208,-3.124068
1.48868,8.591405,3.126772
1.498419,8.588964,3.126717
1.521113,8.591203,3.133006
1.491356,8.589631,3.131588
1.542676,8.595004,3.130227
1.46752,8.59318,3.134477
1.448718,8.588829,3.131946
1.46712,8.589178,3.131747
1.395871,8.584877,3.135992
1.354871,8.586443,-3.133937
1.258328,8.591024,-3.129307
1.308762,8.587124,-3.126514
1.214228,8.589755,-3.122692
1.168455,8.589583,-3.119038
1.143474,8.589875,-3.118503
1.210643,8.592937,-3.124865
1.144415,8.589765,-3.12224
1.050591,8.584319,-3.117061
1.048773,8.583842,-3.111421
0.935835,8.584037,-3.112527
0.790514,8.586704,-3.107846
0.775323,8.589282,-3.095588
0.690308,8.583734,-3.093222
0.657902,8.578731,-3.091449
0.593475,8.578831,-3.081733
0.519986,8.57757,-3.082389
0.39305,8.572831,-3.090936
0.309658,8.57505,-3.130255
0.244501,8.585804,3.0996
0.204359,8.604817,3.049461
0.207306,8.610566,3.033904
0.215354,8.615207,3.034302
0.093999,8.621454,3.04467
-0.002388,8.633792,3.052138
-0.098742,8.644655,3.057787
-0.090406,8.642746,3.054882
-0.107938,8.645179,3.055476
-0.222631,8.65457,3.0589
-0.192561,8.656955,3.056766
-0.190983,8.6562,3.064005
-0.22044,8.649871,3.063806
-0.244829,8.642699,3.062001
-0.252561,8.64744,3.076529
-0.304383,8.651218,3.083223
-0.342144,8.651906,3.089569
-0.414228,8.655073,3.096982
-0.477856,8.653054,3.100066
-0.4725,8.65925,3.101532
-0.524912,8.65824,3.097093
-0.613298,8.660224,3.099894
-0.642959,8.659289,3.10377
-0.704565,8.65622,3.109585
-0.732015,8.664455,3.114376
-0.74405,8.66782,3.115094
-0.734659,8.667564,3.118651
-0.627161,8.662413,3.127349
-0.704299,8.66748,3.137763
-0.734761,8.664573,3.137548
-0.753094,8.660929,3.13712
-0.796768,8.660295,-3.140814
-0.821182,8.644912,-3.140256
-0.886277,8.641624,3.139507
-0.785591,8.63825,-3.141114
-0.836231,8.636853,-3.141484
-0.908552,8.636793,-3.134885
-0.838504,8.637084,-3.126195
-0.868785,8.637803,-3.114332
-0.926802,8.631005,-3.10737
-0.968007,8.629976,-3.108094
-0.987722,8.630168,-3.099584
-1.060674,8.622296,-3.094854
-1.033965,8.619668,-3.101732
-0.986471,8.62459,-3.094241
-1.016521,8.626115,-3.134887
-1.152902,8.625772,-3.135179
-1.197559,8.633642,3.099832
-1.153076,8.654925,3.051706
-1.224957,8.669276,3.016263
-1.230093,8.679605,2.983585
-1.316792,8.68465,2.984484
-1.318598,8.692418,2.998294
-1.450303,8.702236,3.009779
-1.44525,8.712359,3.01711
-1.50088,8.715421,3.013735
-1.421248,8.722671,3.024761
-1.533127,8.722913,3.024384
-1.584919,8.723413,3.032907
-1.685487,8.726519,3.042996
-1.810589,8.729957,3.0543
-1.779498,8.741072,3.070147
-1.80105,8.740939,3.073983
-1.787373,8.738949,3.072955
-1.818662,8.740645,3.082774
-1.886056,8.737554,3.091388
-2.00062,8.736905,3.086493
-2.00422,8.737583,3.09534
-2.158356,8.737083,3.094824
-2.362839,8.739095,3.10593
-2.378732,8.737939,3.111687
-2.391113,8.735705,3.117211
-2.437475,8.728992,3.132204
-2.474772,8.726513,3.131433
-2.478325,8.725953,3.139355
-2.560452,8.725986,-3.13164
-2.445168,8.710125,-3.134118
-2.516626,8.703961,-3.13875
-2.350138,8.699099,-3.129803
-2.348419,8.694921,-3.130493
-2.276402,8.703631,-3.117623
-2.319854,8.701156,-3.110601
-2.288603,8.697649,-3.097411
-2.370732,8.689954,-3.088154
-2.450213,8.689072,-3.088289
-2.520807,8.684686,-3.082247
-2.569997,8.68078,-3.068496
-2.655155,8.672777,-3.062425
-2.725992,8.666491,-3.068451
-2.746528,8.666763,-3.060009
-2.703149,8.663687,-3.061353
-2.777878,8.667632,-3.048564
-2.835012,8.660081,-3.040055
-2.887111,8.646812,-3.042239
-2.919023,8.645018,-3.019302
-3.001395,8.636202,-3.023302
-3.030675,8.632257,-3.03791
-3.061152,8.639742,-3.088957
-3.164439,8.646179,3.140727
-3.202811,8.654018,-3.140266
-3.239587,8.661422,3.07154
-3.273129,8.671354,3.073391
-3.290363,8.682121,3.022865
-3.338815,8.709093,2.972774
-3.44678,8.730688,2.919131
-3.463984,8.742107,2.92169
-3.513153,8.761258,2.86699
-3.526586,8.779034,2.870843
-3.574589,8.807193,2.819763
-3.67232,8.826921,2.815386
-3.797652,8.851814,2.82439
-3.839636,8.861204,2.81733
-3.848803,8.873129,2.82906
-3.908228,8.885883,2.831119
-3.953429,8.909677,2.831282
-4.013748,8.930382,2.836541
-4.051984,8.951281,2.844277
-4.060743,8.957647,2.853217
-4.097633,8.955085,2.868819
-4.091709,8.957174,2.896688
-4.187418,8.961078,2.898065
-4.266419,8.961871,2.983377
-4.290113,8.956373,2.983767
-4.319924,8.953099,3.028002
-4.328022,8.944529,3.041171
-4.387837,8.937965,3.039447
-4.429759,8.919738,3.12261
-4.47172,8.910673,3.120878
-4.516092,8.904657,3.130054
-4.578217,8.901349,3.121615
-4.574124,8.898979,3.132105
-4.670175,8.898746,3.138616
-4.744404,8.895204,-3.13908
-4.85493,8.890724,-3.136064
-4.91477,8.891307,-3.138007
-4.964369,8.891479,-3.139003
-5.026986,8.90281,-3.123335
-5.08296,8.903728,-3.118043
-5.138311,8.89616,-3.11568
-5.183683,8.886061,-3.107747
-5.221617,8.879924,-3.099545
-5.247202,8.874606,-3.100132
-5.292806,8.867765,-3.096476
-5.376817,8.857145,-3.091419
-5.426587,8.8518,-3.076659
-5.463363,8.847182,-3.080422
-5.473946,8.845917,-3.073953
-5.508682,8.841928,-3.074629
-5.548755,8.842136,-3.056942
-5.598802,8.838897,-3.053591
-5.646247,8.829764,-3.046698
-5.673644,8.819418,-3.035996
-5.699852,8.819299,-3.036072
-5.723014,8.815367,-3.050616
-5.77513,8.818746,-3.107578
-5.790238,8.829373,3.127218
-5.828225,8.848746,3.078771
-5.848349,8.863359,3.068936
-5.884802,8.871242,3.071568
-5.90981,8.879152,3.072042
-5.971915,8.892313,3.075019
-6.03516,8.89422,3.081047
-6.090278,8.887481,3.086927
-6.146313,8.892821,3.096484
-6.172914,8.892155,3.088466
-6.204206,8.893598,3.088285
-6.237215,8.89721,3.079462
-6.281781,8.908174,3.075572
-6.342163,8.911234,3.052043
-6.377606,8.918564,3.079476
-6.42475,8.91841,3.066624
-6.461589,8.916575,3.066514
-6.481274,8.923757,3.084929
-6.534484,8.920756,3.087346
-6.57831,8.921718,3.09515
-6.592378,8.916412,3.106946
-6.602538,8.913472,3.102504
-6.629974,8.910603,3.113569
-6.674977,8.910872,3.114413
-6.722316,8.90897,3.126062
-6.750911,8.903131,3.125225
-6.765746,8.895862,-3.088944
-6.794902,8.88944,-3.089569
-6.813029,8.878064,-3.042565
-6.87544,8.862164,-2.991356
-6.935525,8.847721,-2.991768
-6.988778,8.837117,-2.989484
-7.02712,8.822281,-2.988285
-7.060719,8.813941,-2.989596
-7.089692,8.803616,-2.986911
-7.125065,8.800069,-2.970346
-7.169637,8.792393,-2.963428
-7.219469,8.783362,-2.965957
-7.237611,8.775044,-2.960571
-7.254405,8.77197,-2.961502
-7.27181,8.76265,-2.956848
-7.347036,8.759215,-2.939311
-7.397657,8.749408,-2.935182
-7.407354,8.735347,-2.959985
-7.420799,8.72753,-2.962522
-7.438286,8.728845,-3.013178
-7.50349,8.727928,-3.07487
-7.530403,8.737723,-3.123948
-7.59895,8.742504,3.138818
-7.632858,8.76224,3.103019
-7.659602,8.778482,3.107784
-7.667416,8.779721,3.087904
-7.727805,8.789411,3.105208
-7.787586,8.794244,3.111379
-7.820661,8.792723,3.119203
-7.861833,8.796704,3.120785
-7.88313,8.794823,3.124798
-7.933628,8.796261,3.127011
-7.980733,8.794279,3.132066
-8.025313,8.793833,3.128159
-8.071583,8.793426,3.134451
-8.096073,8.795322,3.138816
-8.125502,8.791379,3.138272
-8.157606,8.79057,3.138936
-8.209938,8.788046,-3.137505
-8.232829,8.775737,-3.134211
-8.285853,8.773793,-3.116862
-8.335259,8.773903,-3.113942
-8.362423,8.774366,-3.113764
-8.397303,8.772876,-3.109357
-8.453133,8.766795,-3.108823
-8.510511,8.765257,-3.110106
-8.541516,8.761279,-3.10789
-8.561647,8.755282,-3.109859
-8.594612,8.752278,-3.107034
-8.644755,8.741934,-3.105586
-8.682867,8.742462,-3.081096
-8.685219,8.743622,-3.076323
-8.690022,8.742571,-3.078215
-8.728449,8.742772,-3.056616
-8.783556,8.738276,-3.053656
-8.830644,8.73812,-3.050336
-8.904417,8.729511,-3.079298
-8.927846,8.731669,-3.1085
-8.949301,8.736236,-3.130462
-9.013492,8.741697,3.127276
-9.045457,8.759487,3.082617
-9.085241,8.775895,3.021166
-9.116243,8.785962,3.0244
-9.12948,8.792214,3.018931
-9.140891,8.802738,3.024015
-9.156425,8.807589,3.025173
-9.194629,8.818296,3.037617
-9.229671,8.815074,3.036036
-9.259789,8.815177,3.036102
-9.279393,8.817423,3.035976
-9.325512,8.825408,3.065697
-9.36437,8.828081,3.06571
-9.393504,8.826665,3.040169
-9.45001,8.835043,3.06783
-9.484363,8.836668,3.069753
-9.516551,8.840019,3.072711
-9.54509,8.842806,3.074246
-9.597679,8.849353,3.078498
-9.64264,8.852405,3.083862
-9.66518,8.849997,3.088418
-9.694789,8.847081,3.08876
-9.714703,8.846857,3.09056
-9.759889,8.843479,3.089802
-9.78946,8.842932,3.08931
-9.831474,8.842156,3.088891
-9.852558,8.843288,3.089704
-9.900655,8.846939,3.121374
-9.945434,8.850979,3.12346
-10.005042,8.852557,3.125868
-10.055444,8.846255,3.12933
-10.07395,8.847045,3.132557
-10.100904,8.848739,3.132003
-10.120551,8.853148,3.136045
-10.1645,8.849724,3.1397
-10.214976,8.845922,3.139427
-10.237406,8.84179,3.13796
-10.251838,8.840626,3.137599
-10.270053,8.839246,-3.141396
-10.342331,8.833263,-3.113128
-10.399101,8.825871,-3.114286
-10.443354,8.820202,-3.113031
-10.472108,8.817044,-3.111823
-10.489021,8.81352,-3.112066
-10.508696,8.809617,-3.111343
-10.579568,8.801171,-3.080658
-10.640413,8.797253,-3.07878
-10.692451,8.790277,-3.077951
-10.719845,8.788431,-3.079443
-10.732361,8.78642,-3.080384
-10.755638,8.788817,-3.076372
-10.800747,8.783006,-3.074079
-10.867335,8.775687,-3.044193
-10.907444,8.768571,-3.044031
-10.933773,8.765245,-3.046003
-10.953189,8.758701,-3.046341
-10.993791,8.746686,-3.0489
-11.033402,8.746789,-3.048977
-11.091977,8.749017,-3.093032
-11.124472,8.757919,3.120474
-11.14528,8.764391,3.124063
-11.166999,8.769207,3.123759
-11.233694,8.770826,3.091288
-11.2877,8.777836,3.097067
-11.331804,8.777015,3.099243
-11.365197,8.782967,3.105331
-11.408184,8.781771,3.139878
-11.437555,8.780613,3.140302
-11.455111,8.780128,3.140466
-11.491749,8.779858,-3.138369
-11.527052,8.779614,3.141549
-11.534749,8.780593,-3.140589
-11.540312,8.784394,-3.138786
-11.57061,8.783643,3.109451
-11.647039,8.789406,-3.138457
-11.703658,8.790252,-3.139866
-11.761031,8.787503,3.111146
-11.797985,8.786726,3.109732
-11.854612,8.789847,3.07587
-11.877685,8.794954,3.078982
-11.898884,8.798411,3.077158
-11.914782,8.802168,3.079504
-11.969903,8.813224,3.055451
-12.009219,8.820014,3.053693
-12.0146,8.824909,3.054169
-12.074087,8.824986,3.051872
-12.097615,8.824038,3.053453
-12.154284,8.821011,3.083585
-12.183457,8.822488,3.084797
-12.22171,8.828227,3.0589
-12.260391,8.839335,3.033844
-12.277928,8.850443,3.035751
-12.312284,8.843233,3.046412
-12.364896,8.857831,3.045579
-12.415936,8.875035,3.005428
-12.462029,8.88091,3.018675
-12.493641,8.890814,3.003312
-12.503766,8.898934,3.008384
-12.532441,8.898182,3.020375
-12.577251,8.913818,3.011914
-12.625665,8.909105,3.009904
-12.661637,8.921287,2.998082
-12.664018,8.932755,3.013456
-12.700083,8.935503,3.041117
-12.761506,8.925936,3.086563
-12.807156,8.908112,3.132826
-12.809374,8.897264,3.132711
-12.842263,8.89134,-3.10821
-12.851648,8.888724,-3.106412
-12.908069,8.872666,-3.049746
-12.933348,8.877182,-3.029338
-12.962221,8.840158,-2.972245
-13.007652,8.816036,-2.927198
-13.02373,8.804501,-2.925841
-13.054794,8.780407,-2.874189
-13.093491,8.753579,-2.833089
-13.132846,8.729038,-2.779336
-13.155871,8.70673,-2.767385
-13.199907,8.675292,-2.714306
-13.241961,8.646865,-2.661324
-13.253778,8.608855,-2.604759
-13.259808,8.572965,-2.606505
-13.311651,8.534561,-2.55764
-13.322958,8.489828,-2.509314
-13.350091,8.453097,-2.472673
-13.371299,8.41973,-2.420667
-13.381164,8.391869,-2.379451
-13.38709,8.373014,-2.377132
-13.403552,8.317238,-2.318564
-13.415903,8.284413,-2.30655
-13.427474,8.249663,-2.249889
-13.44187,8.202364,-2.197335
-13.447761,8.173162,-2.193946
-13.470854,8.125272,-2.143955
-13.478537,8.071997,-2.093932
-13.478604,8.040214,-2.06289
-13.482021,8.005201,-2.015434
-13.473787,7.962043,-1.967344
-13.477158,7.936786,-1.965005
-13.487737,7.877587,-1.906488
-13.486633,7.813979,-1.858544
-13.481358,7.775704,-1.835856
-13.477889,7.750006,-1.790283
-13.487013,7.733259,-1.788312
-13.478592,7.67973,-1.774179
-13.485493,7.628604,-1.779057
-13.511726,7.605387,-1.787294
-13.53005,7.579467,-1.801063
-13.528109,7.552637,-1.8109
-13.539005,7.526873,-1.808836
-13.529501,7.468856,-1.822808
-13.54066,7.422838,-1.819502
-13.548133,7.398919,-1.815099
-13.551791,7.379684,-1.816722
-13.596928,7.345653,-1.818279
-13.605875,7.293041,-1.82663
-13.609452,7.24495,-1.83436
-13.610069,7.203829,-1.845406
-13.636211,7.149011,-1.854237
-13.637722,7.115882,-1.86332
-13.643208,7.085757,-1.870723
-13.646482,7.061547,-1.871117
-13.661953,7.02015,-1.861293
-13.669581,6.974855,-1.834842
-13.680512,6.914557,-1.724035
-13.642611,6.855641,-1.680633
-13.650464,6.80616,-1.656672
-13.632844,6.758303,-1.632644
-13.630617,6.723974,-1.634475
-13.633906,6.698521,-1.62535
-13.635483,6.654042,-1.621179
-13.643909,6.615968,-1.607623
-13.641206,6.581374,-1.617211
-13.62049,6.551516,-1.60765
-13.615905,6.528425,-1.609007
-13.615509,6.506264,-1.603529
-13.622336,6.473331,-1.594252
-13.599349,6.414514,-1.585736
-13.597792,6.389785,-1.578224
-13.601965,6.367675,-1.577752
-13.627997,6.32251,-1.573106
-13.62517,6.24686,-1.556785
-13.623171,6.196216,-1.552388
-13.624088,6.156865,-1.555455
-13.624406,6.143966,-1.547416
-13.626698,6.136865,-1.547162
-13.607997,6.107807,-1.540181
-13.633984,6.045273,-1.534718
-13.607935,5.977928,-1.531381
-13.610952,5.964515,-1.516735
-13.614787,5.949615,-1.51579
-13.607881,5.934407,-1.535582
-13.612632,5.864868,-1.593593
-13.628422,5.821218,-1.652138
-13.643948,5.77021,-1.698303
-13.66305,5.737071,-1.71732
-13.675494,5.718562,-1.715512
-13.713172,5.7023,-1.758366
-13.729694,5.660057,-1.81666
-13.755877,5.617016,-1.821138
-13.764101,5.582324,-1.812433
-13.765294,5.560349,-1.805825
-13.759355,5.545836,-1.807861
-13.758466,5.505801,-1.808201
-13.767706,5.466944,-1.804673
-13.776195,5.413788,-1.803962
-13.781093,5.39726,-1.802425
-13.781488,5.384589,-1.799759
-13.780559,5.3478,-1.800109
-13.787484,5.297699,-1.791054
-13.796478,5.241637,-1.7693
-13.809603,5.19304,-1.761371
-13.809724,5.165383,-1.71445
-13.812461,5.150313,-1.714674
-13.812453,5.112393,-1.661155
-13.807487,5.077448,-1.646881
-13.794049,5.044157,-1.605419
-13.792139,4.988165,-1.554689
-13.770074,4.939041,-1.517584
-13.743778,4.906429,-1.48152
-13.735071,4.877664,-1.482251
-13.732885,4.846945,-1.477161
-13.731395,4.795438,-1.467464
-13.717841,4.750925,-1.457539
-13.706546,4.706643,-1.453359
-13.695746,4.677288,-1.447485
-13.696303,4.655681,-1.447604
-13.692398,4.639637,-1.451914
-13.69131,4.591025,-1.443382
-13.682981,4.53849,-1.433127
-13.676274,4.505534,-1.425824
-13.67524,4.483106,-1.425442
-13.673228,4.453954,-1.436521
-13.678294,4.403961,-1.489768
-13.694992,4.355699,-1.545651
-13.694343,4.333872,-1.590946
-13.696484,4.307097,-1.589711
-13.703306,4.277607,-1.647096
-13.729073,4.232639,-1.651464
-13.758417,4.183092,-1.702547
-13.767511,4.138317,-1.709193
-13.785947,4.110703,-1.710347
-13.78573,4.092375,-1.70993
-13.805019,4.059923,-1.724303
-13.807895,4.015743,-1.735514
-13.815104,3.971656,-1.744359
-13.818608,3.949358,-1.754819
-13.826534,3.927061,-1.753152
-13.833372,3.89361,-1.76264
-13.838617,3.852331,-1.759075
-13.857997,3.799698,-1.772322
-13.86078,3.756759,-1.785564
-13.873358,3.722864,-1.772651
-13.875458,3.699868,-1.771807
-13.885017,3.676304,-1.757892
-13.901731,3.633789,-1.748163
-13.91015,3.587256,-1.73846
-13.894934,3.540196,-1.688292
-13.872071,3.498523,-1.640978
-13.85737,3.455192,-1.599828
-13.84792,3.434345,-1.60079
-13.830768,3.405948,-1.553649
-13.826292,3.36117,-1.537159
-13.816669,3.307114,-1.532906
-13.823188,3.267859,-1.520134
-13.816381,3.230549,-1.511359
-13.810725,3.202502,-1.511845
-13.809287,3.192029,-1.525079
-13.801129,3.137603,-1.509789
-13.786487,3.102226,-1.502677
-13.789514,3.074157,-1.494226
-13.781044,3.050233,-1.496009
-13.775091,3.03492,-1.498565
-13.770074,2.976309,-1.484124
-13.799342,2.925461,-1.488924
-13.78955,2.870744,-1.498909
-13.802001,2.82923,-1.513679
-13.80697,2.785939,-1.510633
-13.806345,2.757927,-1.514302
-13.793403,2.703956,-1.530121
-13.799003,2.665295,-1.537888
-13.77398,2.639656,-1.556375
-13.75908,2.612244,-1.558659
-13.77166,2.590022,-1.605923
-13.809994,2.545528,-1.649378
-13.816443,2.509955,-1.665402
-13.841739,2.46948,-1.713377
-13.87625,2.451016,-1.759889
-13.893406,2.426079,-1.755829
-13.899687,2.409501,-1.763733
-13.898893,2.36858,-1.755397
-13.920906,2.293792,-1.74514
-13.928702,2.22679,-1.732085
-13.943133,2.182021,-1.722131
-13.948998,2.16011,-1.720234
-13.947725,2.124998,-1.710554
-13.931133,2.080987,-1.657585
-13.914293,2.034692,-1.642692
-13.92092,1.993984,-1.595858
-13.914935,1.956697,-1.595559
-13.895496,1.936083,-1.542598
-13.882507,1.874296,-1.49691
-13.85948,1.833145,-1.462269
-13.826283,1.816209,-1.411906
-13.811719,1.809264,-1.415763
-13.798591,1.788448,-1.367969
-13.757193,1.7552,-1.318032
-13.736363,1.708432,-1.290356
-13.718608,1.678206,-1.292201
-13.723795,1.628446,-1.298004
-13.724816,1.59126,-1.296315
-13.711645,1.576371,-1.327089
-13.713571,1.528402,-1.369944
-13.719326,1.481188,-1.416822
-13.73485,1.44639,-1.445915
-13.738889,1.428737,-1.457129
-13.75093,1.397184,-1.486564
-13.763848,1.348539,-1.529605
-13.76605,1.309217,-1.52866
-13.774068,1.267907,-1.57084
-13.780088,1.247299,-1.617955
-13.79928,1.209714,-1.638975
-13.808543,1.189993,-1.635116
-13.818923,1.125574,-1.638022
-13.822322,1.085989,-1.631093
-13.817522,1.07036,-1.640531
-13.822221,1.034742,-1.64848
-13.826138,1.017095,-1.64728
-13.837135,0.962718,-1.651138
-13.835361,0.926528,-1.657666
-13.83856,0.88922,-1.67019
-13.844763,0.851144,-1.679397
-13.850215,0.833083,-1.676677
-13.848323,0.818672,-1.685428
-13.85348,0.76588,-1.693604
-13.859276,0.719797,-1.699627
-13.867664,0.681067,-1.695226
-13.87871,0.641504,-1.701437
-13.883036,0.597696,-1.709578
-13.886381,0.546264,-1.676651
-13.890794,0.520361,-1.673316
-13.881017,0.47369,-1.626245
-13.876057,0.433537,-1.591905
-13.858068,0.391666,-1.543555
-13.832018,0.363863,-1.499003
-13.798168,0.327918,-1.456384
-13.788456,0.307996,-1.454429
-13.777566,0.255706,-1.401536
-13.764564,0.217126,-1.382688
-13.733882,0.197762,-1.340323
-13.712049,0.165653,-1.291695
-13.70318,0.146204,-1.291821
-13.681479,0.104056,-1.241483
-13.635988,0.061407,-1.195442
-13.614485,0.025937,-1.160143
-13.588591,0.002834,-1.113524
-13.544289,-0.021781,-1.066154
-13.539278,-0.04352,-1.063415
-13.504779,-0.082215,-1.015525
-13.478527,-0.105397,-0.996564
-13.447099,-0.118894,-0.945954
-13.405825,-0.136552,-0.898798
-13.389942,-0.149467,-0.897141
-13.346844,-0.170768,-0.848618
-13.310378,-0.189367,-0.801096
-13.258982,-0.201779,-0.770014
-13.214355,-0.223203,-0.719752
-13.180344,-0.232189,-0.670152
-13.135289,-0.241984,-0.621711
-13.099187,-0.255121,-0.604586
-13.037624,-0.265452,-0.558277
-12.990982,-0.274272,-0.507767
-12.932775,-0.279773,-0.463487
-12.901747,-0.280736,-0.425967
-12.865982,-0.280851,-0.409243
-12.833251,-0.280909,-0.379873
-12.781555,-0.285388,-0.327812
-12.759081,-0.280396,-0.328388
-12.684941,-0.288699,-0.224605
-12.658506,-0.285313,-0.216493
-12.636832,-0.261455,-0.18593
-12.629966,-0.240809,-0.188934
-12.58699,-0.256965,-0.155001
-12.513357,-0.26176,-0.166174
-12.503247,-0.272584,-0.17666
-12.479424,-0.268401,-0.17724
-12.448585,-0.282647,-0.185457
-12.393206,-0.281749,-0.195215
-12.332149,-0.29369,-0.201996
-12.304819,-0.294224,-0.198267
-12.265792,-0.306074,-0.205837
-12.258032,-0.314611,-0.203248
-12.238262,-0.318146,-0.211691
-12.185016,-0.332459,-0.217309
-12.153095,-0.347646,-0.224225
-12.117708,-0.365671,-0.228703
-12.092665,-0.373119,-0.225083
-12.074809,-0.382518,-0.236098
-12.017838,-0.402632,-0.239213
-11.988674,-0.407383,-0.225178
-11.926584,-0.411131,-0.167731
-11.915273,-0.416159,-0.146623
-11.889962,-0.4147,-0.14669
-11.849049,-0.407935,-0.098121
-11.789419,-0.405073,-0.08783
-11.735689,-0.409056,-0.09628
-11.710598,-0.408394,-0.109774
-11.692761,-0.411152,-0.104357
-11.655748,-0.4158,-0.116813
-11.622397,-0.414601,-0.127754
-11.564057,-0.417726,-0.128752
-11.504794,-0.42915,-0.14298
-11.495023,-0.434906,-0.138809
-11.461124,-0.436999,-0.137579
-11.434493,-0.439828,-0.130735
-11.386954,-0.435983,-0.130679
-11.303902,-0.441789,-0.112975
-11.252578,-0.443144,-0.078626
-11.226816,-0.440701,-0.046219
-11.178011,-0.434648,-0.030309
-11.163958,-0.427515,0.006477
-11.103083,-0.413614,0.053315
-11.075104,-0.395474,0.103507
-11.055988,-0.372063,0.152193
-11.001989,-0.359142,0.167212
-10.96134,-0.343143,0.197237
-10.930374,-0.334227,0.195345
-10.871819,-0.300189,0.262549
-10.845466,-0.276659,0.313002
-10.807814,-0.255921,0.309091
-10.764016,-0.248308,0.320628
-10.678255,-0.228097,0.32411
-10.597376,-0.207889,0.332752
-10.527744,-0.190494,0.339533
-10.467835,-0.179045,0.335931
-10.45052,-0.165436,0.344924
-10.447267,-0.160511,0.341598
-10.414689,-0.13543,0.347533
-10.349441,-0.1182,0.34424
-10.303122,-0.115076,0.358249
-10.282678,-0.113839,0.323264
-10.23808,-0.109672,0.320785
-10.192269,-0.107558,0.275277
-10.126245,-0.110183,0.228919
-10.072826,-0.114707,0.191882
-10.050137,-0.123167,0.143964
-10.001634,-0.131656,0.145082
-9.968045,-0.136348,0.090339
-9.926425,-0.149393,0.04013
-9.908414,-0.169483,-0.00575
-9.868553,-0.180272,-0.02372
-9.85422,-0.186559,-0.02192
-9.854464,-0.199899,-0.07635
-9.80469,-0.217215,-0.080751
-9.771097,-0.223044,-0.07598
-9.719152,-0.220313,-0.072221
-9.689049,-0.221716,-0.063019
-9.681887,-0.221907,-0.062322
-9.649349,-0.222149,-0.04784
-9.603937,-0.221161,-0.038583
-9.524391,-0.224738,-0.027421
-9.494133,-0.212715,0.01941
-9.458615,-0.20639,0.039396
-9.419346,-0.198759,0.037547
-9.360795,-0.186326,0.084176
-9.342921,-0.174428,0.133501
-9.305467,-0.150413,0.175954
-9.237452,-0.136086,0.230973
-9.232843,-0.127348,0.228486
-9.194528,-0.105054,0.25116
-9.133779,-0.075185,0.303593
-9.079438,-0.052857,0.32015
-9.012664,-0.032246,0.305976
-8.912878,-0.021206,0.250557
-8.894956,-0.015625,0.233506
-8.913087,-0.010148,0.231672
-8.87836,-0.017511,0.181526
-8.839319,-0.030454,0.135628
-8.795024,-0.036646,0.082949
-8.769617,-0.047479,0.032541
-8.781131,-0.057918,-0.00035
-8.788895,-0.066409,0.00083
-8.766029,-0.072815,-0.022173
-8.70869,-0.079937,-0.01306
-8.682612,-0.079389,-0.006149
-8.665122,-0.085766,-0.005543
-8.665397,-0.084622,-0.005005
-8.635411,-0.081465,-0.002965
-8.601579,-0.077994,0.00688
-8.583297,-0.072793,0.015318
-8.537559,-0.075911,0.027321
-8.517488,-0.070831,0.03731
-8.465017,-0.072192,0.044159
-8.475483,-0.071057,0.044931
-8.507421,-0.067742,0.051377
-8.510113,-0.066536,0.058636
-8.46225,-0.064651,0.053654
-8.461808,-0.067516,0.06557
-8.450801,-0.068221,0.066145
-8.388456,-0.055602,0.067869
-8.356455,-0.040969,0.065227
-8.314597,-0.040604,0.081735
-8.298068,-0.045535,0.047416
-8.306427,-0.041671,0.046936
-8.319683,-0.042161,0.012656
-8.268557,-0.05367,-0.038185
-8.16608,-0.0648,-0.065788
-8.105033,-0.07285,-0.054379
-8.093833,-0.074325,-0.043704
-8.10215,-0.076889,-0.042276
-8.132702,-0.076024,-0.047189
-8.1125,-0.079601,-0.038571
-8.075365,-0.088186,-0.029269
-7.988826,-0.094288,-0.014556
-7.971048,-0.09001,-0.007486
-7.979874,-0.089091,-0.008159
-7.970173,-0.087991,-0.002218
-7.938929,-0.07849,0.009277
-7.911549,-0.071726,0.0179
-7.82936,-0.070683,0.029061
-7.80652,-0.066551,0.023115
-7.726667,-0.062936,0.022908
-7.681473,-0.059105,0.030498
-7.650197,-0.054256,0.039518
-7.6188,-0.048336,0.046229
-7.578682,-0.052118,0.064971
-7.587955,-0.045301,0.066853
-7.565591,-0.042305,0.06515
-7.492118,-0.028883,0.071001
-7.407621,-0.02129,0.079611
-7.318541,-0.016469,0.074715
-7.28317,-0.012058,0.08349
-7.267772,-0.006729,0.092782
-7.238417,-0.008042,0.05853
-7.223468,-0.011308,0.060072
-7.186716,-0.017037,0.007372
-7.118735,-0.032557,-0.039343
-7.096016,-0.052882,-0.070056
-7.030563,-0.059082,-0.098362
-6.991271,-0.067404,-0.088759
-6.977404,-0.065555,-0.088014
-6.946102,-0.066529,-0.076823
-6.902085,-0.072172,-0.082161
-6.880259,-0.082133,-0.068665
-6.890755,-0.089748,-0.057367
-6.914761,-0.092666,-0.056368
-6.850499,-0.091593,-0.047089
-6.761955,-0.093036,-0.033421
-6.715446,-0.089903,-0.02705
-6.654824,-0.090076,-0.015014
-6.639914,-0.091254,-0.015908
-6.592299,-0.096969,-0.02828
-6.563365,-0.098486,-0.035658
-6.476105,-0.102569,-0.03149
-6.465639,-0.100665,-0.043145
-6.41849,-0.10223,-0.054475
-6.398579,-0.101991,-0.05454
-6.403013,-0.105927,-0.063744
-6.386855,-0.113959,-0.050193
-6.328658,-0.111367,-0.039862
-6.279949,-0.112047,-0.040241
-6.267343,-0.113392,-0.030492
-6.230405,-0.114083,-0.021591
-6.217712,-0.114346,-0.008239
-6.170814,-0.114896,-0.002493
-6.113248,-0.113234,-0.005311
-6.080669,-0.110433,-0.006417
-6.076284,-0.099696,-0.004862
-5.942356,-0.092603,0.008196
-5.889989,-0.089256,0.019175
-5.864702,-0.094688,0.029546
-5.780559,-0.095591,0.029399
-5.740229,-0.087587,0.018419
-5.713264,-0.085725,0.032005
-5.622998,-0.079582,0.041852
-5.586428,-0.071998,0.051547
-5.503657,-0.073634,0.065096
-5.450344,-0.068645,0.070985
-5.441054,-0.065693,0.070814
-5.433481,-0.054447,0.065334
-5.296291,-0.0419,0.065928
-5.260456,-0.039139,0.080055
-5.163951,-0.029905,0.090999
-5.119067,-0.032696,0.097459
-5.112809,-0.022051,0.095999
-5.103739,-0.020951,0.11057
-5.075493,-0.015149,0.117476
-4.99147,-0.004324,0.123634
-4.959195,0.003776,0.130705
-4.927803,0.009902,0.138823
-4.886514,0.016213,0.137272
-4.911866,0.012279,0.136346
-4.832311,0.014451,0.095961
-4.747006,0.006103,0.049376
-4.713258,-0.00332,-0.005235
-4.721778,-0.015397,-0.056117
-4.67656,-0.026847,-0.053455
-4.652355,-0.031105,-0.091353
-4.589348,-0.055446,-0.137839
-4.540203,-0.073316,-0.167025
-4.532699,-0.087275,-0.152262
-4.517309,-0.096801,-0.151152
-4.464835,-0.103734,-0.144665
-4.406378,-0.11029,-0.13706
-4.380612,-0.117325,-0.140107
-4.374351,-0.125811,-0.135942
-4.400819,-0.128903,-0.134778
-4.296352,-0.132162,-0.129381
-4.239631,-0.138866,-0.122588
-4.220778,-0.138799,-0.112459
-4.211556,-0.137325,-0.107194
-4.208075,-0.14366,-0.106439
-4.173492,-0.144596,-0.102918
-4.101951,-0.148307,-0.095906
-4.044922,-0.156068,-0.092356
-3.959458,-0.164479,-0.081965
-3.972429,-0.165839,-0.087819
-3.989354,-0.167497,-0.087178
-3.989864,-0.172095,-0.077922
-3.933037,-0.17106,-0.075327
-3.925658,-0.167167,-0.076398
-3.849558,-0.166434,-0.062056
-3.815805,-0.162532,-0.067168
-3.815434,-0.15305,-0.057901
-3.733263,-0.158334,-0.05446
-3.689549,-0.161919,-0.04964
-3.650076,-0.160529,-0.047681
-3.575482,-0.160101,-0.055389
-3.541979,-0.163023,-0.044791
-3.605137,-0.16434,-0.051403
-3.559122,-0.169996,-0.047087
-3.447207,-0.173682,-0.043145
-3.39755,-0.173793,-0.041437
-3.337712,-0.171145,-0.034002
-3.312314,-0.175667,-0.03073
-3.259666,-0.177671,-0.029808
-3.229137,-0.16913,-0.028712
-3.115116,-0.168442,-0.025549
-3.173827,-0.167569,-0.022445
-3.167894,-0.171426,-0.028948
-3.131442,-0.174155,-0.02557
-3.07046,-0.176705,-0.024535
-3.046748,-0.179048,-0.024579
-3.051199,-0.171629,-0.021639
-3.088373,-0.167521,-0.020115
-2.978346,-0.167485,-0.00775
-3.014542,-0.166736,-0.008288
-2.971102,-0.170772,-0.00235
-2.892297,-0.170031,-0.003308
-2.852841,-0.168535,0.000135
-2.805164,-0.16581,-0.002747
-2.784502,-0.170287,0.000353
-2.716846,-0.167742,0.00032
-2.663243,-0.168397,0.004183
-2.561602,-0.161941,0.005577
-2.574327,-0.166883,0.018266
-2.65905,-0.167997,0.022715
-2.618771,-0.163966,0.021359
-2.571954,-0.161587,0.02517
-2.481894,-0.156313,0.030929
-2.41211,-0.154003,0.034903
-2.455262,-0.151686,0.03837
-2.39901,-0.151438,0.033947
-2.377674,-0.152869,0.031294
-2.402333,-0.153884,0.031299
-2.460665,-0.151729,0.031606
-2.468671,-0.151057,0.031486
-2.481578,-0.15169,0.034259
-2.49184,-0.152566,0.034683
-2.439232,-0.149851,0.033913
-2.463873,-0.146205,0.033451
-2.478374,-0.147855,0.031096
-2.408696,-0.154594,0.03254
-2.412065,-0.153811,0.031603
-2.401047,-0.161079,0.030826
-2.363376,-0.153523,0.029255
-2.410101,-0.153675,0.029073
-2.409592,-0.146966,0.02804
-2.459175,-0.149068,0.024738
-2.44143,-0.151392,0.02432
-2.432735,-0.15084,0.024524
-2.387078,-0.149084,0.022971
-2.359539,-0.151135,0.022016
-2.336457,-0.150547,0.021888
-2.354481,-0.151165,0.021491
-2.346999,-0.147817,0.017444
-2.30967,-0.142098,0.016348
-2.279762,-0.141477,0.016051
-2.232807,-0.147747,0.013199
-2.216522,-0.149307,0.01474
-2.184192,-0.150306,0.014756
-2.195731,-0.149965,0.014111
-2.150863,-0.149291,0.010293
-2.15019,-0.145147,0.009558
-2.13443,-0.147491,0.010081
-2.125894,-0.151374,0.007444
-2.122616,-0.149991,0.006398
-2.141638,-0.149796,0.00581
-2.148396,-0.152112,0.007149
-2.131576,-0.147386,0.00028
